2025-08-16 14:11:43,094 - root - INFO - Loaded glossary with 279 terms
2025-08-16 14:11:43,101 - root - INFO - ✅ Google Translate configured successfully
2025-08-16 14:11:43,102 - root - INFO - Enhanced database initialized
2025-08-16 14:11:44,463 - root - INFO - 🚀 Starting enhanced translation of 115085 files
2025-08-16 14:11:44,463 - root - INFO - 📋 Available providers: google, enhanced_offline
2025-08-16 14:11:44,465 - root - ERROR - Error processing 14000+json points for clearing all of the Teyvat areas/001(Custom pickup range 10).json: local variable 'progress' referenced before assignment
2025-08-16 14:11:44,466 - root - ERROR - Error processing 14000+json points for clearing all of the Teyvat areas/001.json: local variable 'progress' referenced before assignment
2025-08-16 14:11:44,466 - root - ERROR - Error processing 14000+json points for clearing all of the Teyvat areas/002.json: local variable 'progress' referenced before assignment
2025-08-16 14:11:44,466 - root - ERROR - Error processing 14000+json points for clearing all of the Teyvat areas/003.json: local variable 'progress' referenced before assignment
2025-08-16 14:11:44,466 - root - ERROR - Error processing 14000+json points for clearing all of the Teyvat areas/004.json: local variable 'progress' referenced before assignment
2025-08-16 14:11:44,467 - root - ERROR - Error processing 14000+json points for clearing all of the Teyvat areas/005.json: local variable 'progress' referenced before assignment
2025-08-16 14:11:44,467 - root - ERROR - Error processing 14000+json points for clearing all of the Teyvat areas/006.json: local variable 'progress' referenced before assignment
2025-08-16 14:11:44,467 - root - ERROR - Error processing 14000+json points for clearing all of the Teyvat areas/007.json: local variable 'progress' referenced before assignment
2025-08-16 14:11:44,468 - root - ERROR - Error processing 14000+json points for clearing all of the Teyvat areas/008.json: local variable 'progress' referenced before assignment
2025-08-16 14:11:44,468 - root - ERROR - Error processing 14000+json points for clearing all of the Teyvat areas/009.json: local variable 'progress' referenced before assignment
2025-08-16 14:11:44,468 - root - ERROR - Error processing 14000+json points for clearing all of the Teyvat areas/010.json: local variable 'progress' referenced before assignment
2025-08-16 14:11:44,468 - root - ERROR - Error processing 14000+json points for clearing all of the Teyvat areas/011.json: local variable 'progress' referenced before assignment
2025-08-16 14:11:44,468 - root - ERROR - Error processing 14000+json points for clearing all of the Teyvat areas/012.json: local variable 'progress' referenced before assignment
2025-08-16 14:11:44,469 - root - ERROR - Error processing 14000+json points for clearing all of the Teyvat areas/013.json: local variable 'progress' referenced before assignment
2025-08-16 14:11:44,469 - root - ERROR - Error processing 14000+json points for clearing all of the Teyvat areas/014.json: local variable 'progress' referenced before assignment
2025-08-16 14:11:44,469 - root - ERROR - Error processing 14000+json points for clearing all of the Teyvat areas/015.json: local variable 'progress' referenced before assignment
2025-08-16 14:11:44,469 - root - ERROR - Error processing 14000+json points for clearing all of the Teyvat areas/016.json: local variable 'progress' referenced before assignment
2025-08-16 14:11:44,469 - root - ERROR - Error processing 14000+json points for clearing all of the Teyvat areas/017.json: local variable 'progress' referenced before assignment
2025-08-16 14:11:44,469 - root - ERROR - Error processing 14000+json points for clearing all of the Teyvat areas/018.json: local variable 'progress' referenced before assignment
2025-08-16 14:11:44,470 - root - ERROR - Error processing 14000+json points for clearing all of the Teyvat areas/019.json: local variable 'progress' referenced before assignment
2025-08-16 14:11:44,470 - root - ERROR - Error processing 14000+json points for clearing all of the Teyvat areas/020.json: local variable 'progress' referenced before assignment
2025-08-16 14:11:44,471 - root - ERROR - Error processing 14000+json points for clearing all of the Teyvat areas/021.json: local variable 'progress' referenced before assignment
2025-08-16 14:11:44,471 - root - ERROR - Error processing 14000+json points for clearing all of the Teyvat areas/022.json: local variable 'progress' referenced before assignment
2025-08-16 14:11:44,471 - root - ERROR - Error processing 14000+json points for clearing all of the Teyvat areas/023.json: local variable 'progress' referenced before assignment
2025-08-16 14:11:44,471 - root - ERROR - Error processing 14000+json points for clearing all of the Teyvat areas/024.json: local variable 'progress' referenced before assignment
2025-08-16 14:11:44,472 - root - ERROR - Error processing 14000+json points for clearing all of the Teyvat areas/025.json: local variable 'progress' referenced before assignment
2025-08-16 14:11:44,472 - root - ERROR - Error processing 14000+json points for clearing all of the Teyvat areas/026.json: local variable 'progress' referenced before assignment
2025-08-16 14:11:44,472 - root - ERROR - Error processing 14000+json points for clearing all of the Teyvat areas/027.json: local variable 'progress' referenced before assignment
2025-08-16 14:11:44,472 - root - ERROR - Error processing 14000+json points for clearing all of the Teyvat areas/028.json: local variable 'progress' referenced before assignment
2025-08-16 14:11:44,473 - root - ERROR - Error processing 14000+json points for clearing all of the Teyvat areas/029.json: local variable 'progress' referenced before assignment
2025-08-16 14:11:44,473 - root - ERROR - Error processing 14000+json points for clearing all of the Teyvat areas/030.json: local variable 'progress' referenced before assignment
2025-08-16 14:11:44,473 - root - ERROR - Error processing 14000+json points for clearing all of the Teyvat areas/031.json: local variable 'progress' referenced before assignment
2025-08-16 14:11:44,473 - root - ERROR - Error processing 14000+json points for clearing all of the Teyvat areas/032.json: local variable 'progress' referenced before assignment
2025-08-16 14:11:44,473 - root - ERROR - Error processing 14000+json points for clearing all of the Teyvat areas/033.json: local variable 'progress' referenced before assignment
2025-08-16 14:11:44,474 - root - ERROR - Error processing 14000+json points for clearing all of the Teyvat areas/034.json: local variable 'progress' referenced before assignment
2025-08-16 14:11:44,474 - root - ERROR - Error processing 14000+json points for clearing all of the Teyvat areas/035.json: local variable 'progress' referenced before assignment
2025-08-16 14:11:44,474 - root - ERROR - Error processing 14000+json points for clearing all of the Teyvat areas/036.json: local variable 'progress' referenced before assignment
2025-08-16 14:11:44,474 - root - ERROR - Error processing 14000+json points for clearing all of the Teyvat areas/037.json: local variable 'progress' referenced before assignment
2025-08-16 14:11:44,474 - root - ERROR - Error processing 14000+json points for clearing all of the Teyvat areas/038.json: local variable 'progress' referenced before assignment
2025-08-16 14:11:44,474 - root - ERROR - Error processing 14000+json points for clearing all of the Teyvat areas/039.json: local variable 'progress' referenced before assignment
2025-08-16 14:11:44,475 - root - ERROR - Error processing 14000+json points for clearing all of the Teyvat areas/040.json: local variable 'progress' referenced before assignment
2025-08-16 14:11:44,475 - root - ERROR - Error processing 14000+json points for clearing all of the Teyvat areas/041.json: local variable 'progress' referenced before assignment
2025-08-16 14:11:44,475 - root - ERROR - Error processing 14000+json points for clearing all of the Teyvat areas/042.json: local variable 'progress' referenced before assignment
2025-08-16 14:11:44,475 - root - ERROR - Error processing 14000+json points for clearing all of the Teyvat areas/043.json: local variable 'progress' referenced before assignment
2025-08-16 14:11:44,475 - root - ERROR - Error processing 14000+json points for clearing all of the Teyvat areas/044.json: local variable 'progress' referenced before assignment
2025-08-16 14:11:44,475 - root - ERROR - Error processing 14000+json points for clearing all of the Teyvat areas/045.json: local variable 'progress' referenced before assignment
2025-08-16 14:11:44,476 - root - ERROR - Error processing 14000+json points for clearing all of the Teyvat areas/046.json: local variable 'progress' referenced before assignment
2025-08-16 14:11:44,476 - root - ERROR - Error processing 14000+json points for clearing all of the Teyvat areas/047.json: local variable 'progress' referenced before assignment
2025-08-16 14:11:44,476 - root - ERROR - Error processing 14000+json points for clearing all of the Teyvat areas/048.json: local variable 'progress' referenced before assignment
2025-08-16 14:11:44,476 - root - ERROR - Error processing 14000+json points for clearing all of the Teyvat areas/1.json: local variable 'progress' referenced before assignment
2025-08-16 14:11:44,476 - root - ERROR - Error processing 14000+json points for clearing all of the Teyvat areas/10.json: local variable 'progress' referenced before assignment
2025-08-16 14:11:44,476 - root - ERROR - Error processing 14000+json points for clearing all of the Teyvat areas/11.json: local variable 'progress' referenced before assignment
2025-08-16 14:11:44,477 - root - ERROR - Error processing 14000+json points for clearing all of the Teyvat areas/12.json: local variable 'progress' referenced before assignment
2025-08-16 14:11:44,477 - root - ERROR - Error processing 14000+json points for clearing all of the Teyvat areas/2.json: local variable 'progress' referenced before assignment
2025-08-16 14:11:44,477 - root - ERROR - Error processing 14000+json points for clearing all of the Teyvat areas/3.json: local variable 'progress' referenced before assignment
2025-08-16 14:11:44,477 - root - ERROR - Error processing 14000+json points for clearing all of the Teyvat areas/36K-1.json: local variable 'progress' referenced before assignment
2025-08-16 14:11:44,477 - root - ERROR - Error processing 14000+json points for clearing all of the Teyvat areas/36K-2.json: local variable 'progress' referenced before assignment
2025-08-16 14:11:44,477 - root - ERROR - Error processing 14000+json points for clearing all of the Teyvat areas/36K-3.json: local variable 'progress' referenced before assignment
2025-08-16 14:11:44,478 - root - ERROR - Error processing 14000+json points for clearing all of the Teyvat areas/36K-4.json: local variable 'progress' referenced before assignment
2025-08-16 14:11:44,478 - root - ERROR - Error processing 14000+json points for clearing all of the Teyvat areas/36K-5.json: local variable 'progress' referenced before assignment
2025-08-16 14:11:44,478 - root - ERROR - Error processing 14000+json points for clearing all of the Teyvat areas/36K-6.json: local variable 'progress' referenced before assignment
2025-08-16 14:11:44,478 - root - ERROR - Error processing 14000+json points for clearing all of the Teyvat areas/36K-7.json: local variable 'progress' referenced before assignment
2025-08-16 14:11:44,478 - root - ERROR - Error processing 14000+json points for clearing all of the Teyvat areas/36K-8.json: local variable 'progress' referenced before assignment
2025-08-16 14:11:44,479 - root - ERROR - Error processing 14000+json points for clearing all of the Teyvat areas/36K-9.json: local variable 'progress' referenced before assignment
2025-08-16 14:11:44,479 - root - ERROR - Error processing 14000+json points for clearing all of the Teyvat areas/4.json: local variable 'progress' referenced before assignment
2025-08-16 14:11:44,479 - root - ERROR - Error processing 14000+json points for clearing all of the Teyvat areas/5.json: local variable 'progress' referenced before assignment
2025-08-16 14:11:44,479 - root - ERROR - Error processing 14000+json points for clearing all of the Teyvat areas/6.json: local variable 'progress' referenced before assignment
2025-08-16 14:11:44,479 - root - ERROR - Error processing 14000+json points for clearing all of the Teyvat areas/7.json: local variable 'progress' referenced before assignment
2025-08-16 14:11:44,479 - root - ERROR - Error processing 14000+json points for clearing all of the Teyvat areas/8.json: local variable 'progress' referenced before assignment
2025-08-16 14:11:44,480 - root - ERROR - Error processing 14000+json points for clearing all of the Teyvat areas/9.json: local variable 'progress' referenced before assignment
2025-08-16 14:11:44,480 - root - ERROR - Error processing 14000+json points for clearing all of the Teyvat areas/Dwei-1.json: local variable 'progress' referenced before assignment
2025-08-16 14:11:44,480 - root - ERROR - Error processing 14000+json points for clearing all of the Teyvat areas/Dwei-10.json: local variable 'progress' referenced before assignment
2025-08-16 14:11:44,480 - root - ERROR - Error processing 14000+json points for clearing all of the Teyvat areas/Dwei-11.json: local variable 'progress' referenced before assignment
2025-08-16 14:11:44,480 - root - ERROR - Error processing 14000+json points for clearing all of the Teyvat areas/Dwei-12.json: local variable 'progress' referenced before assignment
2025-08-16 14:11:44,480 - root - ERROR - Error processing 14000+json points for clearing all of the Teyvat areas/Dwei-13.json: local variable 'progress' referenced before assignment
2025-08-16 14:11:44,481 - root - ERROR - Error processing 14000+json points for clearing all of the Teyvat areas/Dwei-14.json: local variable 'progress' referenced before assignment
2025-08-16 14:11:44,481 - root - ERROR - Error processing 14000+json points for clearing all of the Teyvat areas/Dwei-15.json: local variable 'progress' referenced before assignment
2025-08-16 14:11:44,481 - root - ERROR - Error processing 14000+json points for clearing all of the Teyvat areas/Dwei-2.json: local variable 'progress' referenced before assignment
2025-08-16 14:11:44,481 - root - ERROR - Error processing 14000+json points for clearing all of the Teyvat areas/Dwei-3.json: local variable 'progress' referenced before assignment
2025-08-16 14:11:44,482 - root - ERROR - Error processing 14000+json points for clearing all of the Teyvat areas/Dwei-4.json: local variable 'progress' referenced before assignment
2025-08-16 14:11:44,482 - root - ERROR - Error processing 14000+json points for clearing all of the Teyvat areas/Dwei-5.json: local variable 'progress' referenced before assignment
2025-08-16 14:11:44,482 - root - ERROR - Error processing 14000+json points for clearing all of the Teyvat areas/Dwei-6.json: local variable 'progress' referenced before assignment
2025-08-16 14:11:44,482 - root - ERROR - Error processing 14000+json points for clearing all of the Teyvat areas/Dwei-7.json: local variable 'progress' referenced before assignment
2025-08-16 14:11:44,482 - root - ERROR - Error processing 14000+json points for clearing all of the Teyvat areas/Dwei-8.json: local variable 'progress' referenced before assignment
2025-08-16 14:11:44,483 - root - ERROR - Error processing 14000+json points for clearing all of the Teyvat areas/Dwei-9.json: local variable 'progress' referenced before assignment
2025-08-16 14:11:44,483 - root - ERROR - Error processing 14000+json points for clearing all of the Teyvat areas/Sand Grease Pupa 1.json: local variable 'progress' referenced before assignment
2025-08-16 14:11:44,483 - root - ERROR - Error processing 14000+json points for clearing all of the Teyvat areas/Sand Grease Pupa 10.json: local variable 'progress' referenced before assignment
2025-08-16 14:11:44,483 - root - ERROR - Error processing 14000+json points for clearing all of the Teyvat areas/Sand Grease Pupa 11.json: local variable 'progress' referenced before assignment
2025-08-16 14:11:44,483 - root - ERROR - Error processing 14000+json points for clearing all of the Teyvat areas/Sand Grease Pupa 12.json: local variable 'progress' referenced before assignment
2025-08-16 14:11:44,484 - root - ERROR - Error processing 14000+json points for clearing all of the Teyvat areas/Sand Grease Pupa 13.json: local variable 'progress' referenced before assignment
2025-08-16 14:11:44,484 - root - ERROR - Error processing 14000+json points for clearing all of the Teyvat areas/Sand Grease Pupa 14.json: local variable 'progress' referenced before assignment
2025-08-16 14:11:44,484 - root - ERROR - Error processing 14000+json points for clearing all of the Teyvat areas/Sand Grease Pupa 15.json: local variable 'progress' referenced before assignment
2025-08-16 14:11:44,484 - root - ERROR - Error processing 14000+json points for clearing all of the Teyvat areas/Sand Grease Pupa 16.json: local variable 'progress' referenced before assignment
2025-08-16 14:11:44,484 - root - ERROR - Error processing 14000+json points for clearing all of the Teyvat areas/Sand Grease Pupa 17.json: local variable 'progress' referenced before assignment
2025-08-16 14:11:44,484 - root - ERROR - Error processing 14000+json points for clearing all of the Teyvat areas/Sand Grease Pupa 18.json: local variable 'progress' referenced before assignment
2025-08-16 14:11:44,484 - root - ERROR - Error processing 14000+json points for clearing all of the Teyvat areas/Sand Grease Pupa 19.json: local variable 'progress' referenced before assignment
2025-08-16 14:11:44,485 - root - ERROR - Error processing 14000+json points for clearing all of the Teyvat areas/Sand Grease Pupa 2.json: local variable 'progress' referenced before assignment
2025-08-16 14:11:44,485 - root - ERROR - Error processing 14000+json points for clearing all of the Teyvat areas/Sand Grease Pupa 20.json: local variable 'progress' referenced before assignment
2025-08-16 14:11:44,485 - root - ERROR - Error processing 14000+json points for clearing all of the Teyvat areas/Sand Grease Pupa 21.json: local variable 'progress' referenced before assignment
2025-08-16 14:11:44,485 - root - ERROR - Error processing 14000+json points for clearing all of the Teyvat areas/Sand Grease Pupa 22.json: local variable 'progress' referenced before assignment
2025-08-16 14:11:44,485 - root - ERROR - Error processing 14000+json points for clearing all of the Teyvat areas/Sand Grease Pupa 23.json: local variable 'progress' referenced before assignment
2025-08-16 14:11:44,485 - root - ERROR - Error processing 14000+json points for clearing all of the Teyvat areas/Sand Grease Pupa 24.json: local variable 'progress' referenced before assignment
2025-08-16 14:11:44,486 - root - ERROR - Error processing 14000+json points for clearing all of the Teyvat areas/Sand Grease Pupa 25.json: local variable 'progress' referenced before assignment
2025-08-16 14:11:44,486 - root - ERROR - Error processing 14000+json points for clearing all of the Teyvat areas/Sand Grease Pupa 3.json: local variable 'progress' referenced before assignment
2025-08-16 14:11:44,486 - root - ERROR - Error processing 14000+json points for clearing all of the Teyvat areas/Sand Grease Pupa 4.json: local variable 'progress' referenced before assignment
2025-08-16 14:11:44,486 - root - ERROR - Error processing 14000+json points for clearing all of the Teyvat areas/Sand Grease Pupa 5.json: local variable 'progress' referenced before assignment
2025-08-16 14:11:44,486 - root - ERROR - Error processing 14000+json points for clearing all of the Teyvat areas/Sand Grease Pupa 6.json: local variable 'progress' referenced before assignment
2025-08-16 14:11:44,486 - root - ERROR - Error processing 14000+json points for clearing all of the Teyvat areas/Sand Grease Pupa 7.json: local variable 'progress' referenced before assignment
2025-08-16 14:11:44,487 - root - ERROR - Error processing 14000+json points for clearing all of the Teyvat areas/Sand Grease Pupa 8.json: local variable 'progress' referenced before assignment
2025-08-16 14:11:44,487 - root - ERROR - Error processing 14000+json points for clearing all of the Teyvat areas/Sand Grease Pupa 9.json: local variable 'progress' referenced before assignment
2025-08-16 14:11:44,487 - root - ERROR - Error processing 14000+json points for clearing all of the Teyvat areas/Teyvat_AjilenakhNut_1.json: local variable 'progress' referenced before assignment
2025-08-16 14:11:44,487 - root - ERROR - Error processing 14000+json points for clearing all of the Teyvat areas/Teyvat_AjilenakhNut_10.json: local variable 'progress' referenced before assignment
2025-08-16 14:11:44,487 - root - ERROR - Error processing 14000+json points for clearing all of the Teyvat areas/Teyvat_AjilenakhNut_11.json: local variable 'progress' referenced before assignment
2025-08-16 14:11:44,488 - root - ERROR - Error processing 14000+json points for clearing all of the Teyvat areas/Teyvat_AjilenakhNut_12.json: local variable 'progress' referenced before assignment
2025-08-16 14:11:44,488 - root - ERROR - Error processing 14000+json points for clearing all of the Teyvat areas/Teyvat_AjilenakhNut_13.json: local variable 'progress' referenced before assignment
2025-08-16 14:11:44,488 - root - ERROR - Error processing 14000+json points for clearing all of the Teyvat areas/Teyvat_AjilenakhNut_14.json: local variable 'progress' referenced before assignment
2025-08-16 14:11:44,488 - root - ERROR - Error processing 14000+json points for clearing all of the Teyvat areas/Teyvat_AjilenakhNut_15.json: local variable 'progress' referenced before assignment
2025-08-16 14:11:44,488 - root - ERROR - Error processing 14000+json points for clearing all of the Teyvat areas/Teyvat_AjilenakhNut_16.json: local variable 'progress' referenced before assignment
2025-08-16 14:11:44,489 - root - ERROR - Error processing 14000+json points for clearing all of the Teyvat areas/Teyvat_AjilenakhNut_17.json: local variable 'progress' referenced before assignment
2025-08-16 14:11:44,489 - root - ERROR - Error processing 14000+json points for clearing all of the Teyvat areas/Teyvat_AjilenakhNut_18.json: local variable 'progress' referenced before assignment
2025-08-16 14:11:44,489 - root - ERROR - Error processing 14000+json points for clearing all of the Teyvat areas/Teyvat_AjilenakhNut_19.json: local variable 'progress' referenced before assignment
2025-08-16 14:11:44,489 - root - ERROR - Error processing 14000+json points for clearing all of the Teyvat areas/Teyvat_AjilenakhNut_2.json: local variable 'progress' referenced before assignment
2025-08-16 14:11:44,489 - root - ERROR - Error processing 14000+json points for clearing all of the Teyvat areas/Teyvat_AjilenakhNut_20.json: local variable 'progress' referenced before assignment
2025-08-16 14:11:44,489 - root - ERROR - Error processing 14000+json points for clearing all of the Teyvat areas/Teyvat_AjilenakhNut_21.json: local variable 'progress' referenced before assignment
2025-08-16 14:11:44,489 - root - ERROR - Error processing 14000+json points for clearing all of the Teyvat areas/Teyvat_AjilenakhNut_22.json: local variable 'progress' referenced before assignment
2025-08-16 14:11:44,490 - root - ERROR - Error processing 14000+json points for clearing all of the Teyvat areas/Teyvat_AjilenakhNut_23.json: local variable 'progress' referenced before assignment
2025-08-16 14:11:44,490 - root - ERROR - Error processing 14000+json points for clearing all of the Teyvat areas/Teyvat_AjilenakhNut_24.json: local variable 'progress' referenced before assignment
2025-08-16 14:11:44,490 - root - ERROR - Error processing 14000+json points for clearing all of the Teyvat areas/Teyvat_AjilenakhNut_25.json: local variable 'progress' referenced before assignment
2025-08-16 14:11:44,490 - root - ERROR - Error processing 14000+json points for clearing all of the Teyvat areas/Teyvat_AjilenakhNut_26.json: local variable 'progress' referenced before assignment
2025-08-16 14:11:44,490 - root - ERROR - Error processing 14000+json points for clearing all of the Teyvat areas/Teyvat_AjilenakhNut_27.json: local variable 'progress' referenced before assignment
2025-08-16 14:11:44,490 - root - ERROR - Error processing 14000+json points for clearing all of the Teyvat areas/Teyvat_AjilenakhNut_28.json: local variable 'progress' referenced before assignment
2025-08-16 14:11:44,491 - root - ERROR - Error processing 14000+json points for clearing all of the Teyvat areas/Teyvat_AjilenakhNut_29.json: local variable 'progress' referenced before assignment
2025-08-16 14:11:44,491 - root - ERROR - Error processing 14000+json points for clearing all of the Teyvat areas/Teyvat_AjilenakhNut_3.json: local variable 'progress' referenced before assignment
2025-08-16 14:11:44,491 - root - ERROR - Error processing 14000+json points for clearing all of the Teyvat areas/Teyvat_AjilenakhNut_30.json: local variable 'progress' referenced before assignment
2025-08-16 14:11:44,491 - root - ERROR - Error processing 14000+json points for clearing all of the Teyvat areas/Teyvat_AjilenakhNut_31.json: local variable 'progress' referenced before assignment
2025-08-16 14:11:44,491 - root - ERROR - Error processing 14000+json points for clearing all of the Teyvat areas/Teyvat_AjilenakhNut_32.json: local variable 'progress' referenced before assignment
2025-08-16 14:11:44,491 - root - ERROR - Error processing 14000+json points for clearing all of the Teyvat areas/Teyvat_AjilenakhNut_33.json: local variable 'progress' referenced before assignment
2025-08-16 14:11:44,492 - root - ERROR - Error processing 14000+json points for clearing all of the Teyvat areas/Teyvat_AjilenakhNut_34.json: local variable 'progress' referenced before assignment
2025-08-16 14:11:44,492 - root - ERROR - Error processing 14000+json points for clearing all of the Teyvat areas/Teyvat_AjilenakhNut_35.json: local variable 'progress' referenced before assignment
2025-08-16 14:11:44,492 - root - ERROR - Error processing 14000+json points for clearing all of the Teyvat areas/Teyvat_AjilenakhNut_36.json: local variable 'progress' referenced before assignment
2025-08-16 14:11:44,492 - root - ERROR - Error processing 14000+json points for clearing all of the Teyvat areas/Teyvat_AjilenakhNut_37.json: local variable 'progress' referenced before assignment
2025-08-16 14:11:44,492 - root - ERROR - Error processing 14000+json points for clearing all of the Teyvat areas/Teyvat_AjilenakhNut_38.json: local variable 'progress' referenced before assignment
2025-08-16 14:11:44,492 - root - ERROR - Error processing 14000+json points for clearing all of the Teyvat areas/Teyvat_AjilenakhNut_4.json: local variable 'progress' referenced before assignment
2025-08-16 14:11:44,493 - root - ERROR - Error processing 14000+json points for clearing all of the Teyvat areas/Teyvat_AjilenakhNut_5.json: local variable 'progress' referenced before assignment
2025-08-16 14:11:44,493 - root - ERROR - Error processing 14000+json points for clearing all of the Teyvat areas/Teyvat_AjilenakhNut_6.json: local variable 'progress' referenced before assignment
2025-08-16 14:11:44,493 - root - ERROR - Error processing 14000+json points for clearing all of the Teyvat areas/Teyvat_AjilenakhNut_7.json: local variable 'progress' referenced before assignment
2025-08-16 14:11:44,493 - root - ERROR - Error processing 14000+json points for clearing all of the Teyvat areas/Teyvat_AjilenakhNut_8.json: local variable 'progress' referenced before assignment
2025-08-16 14:11:44,493 - root - ERROR - Error processing 14000+json points for clearing all of the Teyvat areas/Teyvat_AjilenakhNut_9.json: local variable 'progress' referenced before assignment
2025-08-16 14:11:44,493 - root - ERROR - Error processing 14000+json points for clearing all of the Teyvat areas/Teyvat_AmakumoFruit_1.json: local variable 'progress' referenced before assignment
2025-08-16 14:11:44,493 - root - ERROR - Error processing 14000+json points for clearing all of the Teyvat areas/Teyvat_AmakumoFruit_10.json: local variable 'progress' referenced before assignment
2025-08-16 14:11:44,494 - root - ERROR - Error processing 14000+json points for clearing all of the Teyvat areas/Teyvat_AmakumoFruit_11.json: local variable 'progress' referenced before assignment
2025-08-16 14:11:44,494 - root - ERROR - Error processing 14000+json points for clearing all of the Teyvat areas/Teyvat_AmakumoFruit_12.json: local variable 'progress' referenced before assignment
2025-08-16 14:11:44,494 - root - ERROR - Error processing 14000+json points for clearing all of the Teyvat areas/Teyvat_AmakumoFruit_13.json: local variable 'progress' referenced before assignment
2025-08-16 14:11:44,494 - root - ERROR - Error processing 14000+json points for clearing all of the Teyvat areas/Teyvat_AmakumoFruit_14.json: local variable 'progress' referenced before assignment
2025-08-16 14:11:44,494 - root - ERROR - Error processing 14000+json points for clearing all of the Teyvat areas/Teyvat_AmakumoFruit_15.json: local variable 'progress' referenced before assignment
2025-08-16 14:11:44,494 - root - ERROR - Error processing 14000+json points for clearing all of the Teyvat areas/Teyvat_AmakumoFruit_16.json: local variable 'progress' referenced before assignment
2025-08-16 14:11:44,495 - root - ERROR - Error processing 14000+json points for clearing all of the Teyvat areas/Teyvat_AmakumoFruit_17.json: local variable 'progress' referenced before assignment
2025-08-16 14:11:44,495 - root - ERROR - Error processing 14000+json points for clearing all of the Teyvat areas/Teyvat_AmakumoFruit_18.json: local variable 'progress' referenced before assignment
2025-08-16 14:11:44,495 - root - ERROR - Error processing 14000+json points for clearing all of the Teyvat areas/Teyvat_AmakumoFruit_19.json: local variable 'progress' referenced before assignment
2025-08-16 14:11:44,495 - root - ERROR - Error processing 14000+json points for clearing all of the Teyvat areas/Teyvat_AmakumoFruit_2.json: local variable 'progress' referenced before assignment
2025-08-16 14:11:44,495 - root - ERROR - Error processing 14000+json points for clearing all of the Teyvat areas/Teyvat_AmakumoFruit_20.json: local variable 'progress' referenced before assignment
2025-08-16 14:11:44,495 - root - ERROR - Error processing 14000+json points for clearing all of the Teyvat areas/Teyvat_AmakumoFruit_21.json: local variable 'progress' referenced before assignment
2025-08-16 14:11:44,496 - root - ERROR - Error processing 14000+json points for clearing all of the Teyvat areas/Teyvat_AmakumoFruit_22.json: local variable 'progress' referenced before assignment
2025-08-16 14:11:44,496 - root - ERROR - Error processing 14000+json points for clearing all of the Teyvat areas/Teyvat_AmakumoFruit_23.json: local variable 'progress' referenced before assignment
2025-08-16 14:11:44,496 - root - ERROR - Error processing 14000+json points for clearing all of the Teyvat areas/Teyvat_AmakumoFruit_24.json: local variable 'progress' referenced before assignment
2025-08-16 14:11:44,496 - root - ERROR - Error processing 14000+json points for clearing all of the Teyvat areas/Teyvat_AmakumoFruit_25.json: local variable 'progress' referenced before assignment
2025-08-16 14:11:44,496 - root - ERROR - Error processing 14000+json points for clearing all of the Teyvat areas/Teyvat_AmakumoFruit_26.json: local variable 'progress' referenced before assignment
2025-08-16 14:11:44,496 - root - ERROR - Error processing 14000+json points for clearing all of the Teyvat areas/Teyvat_AmakumoFruit_27.json: local variable 'progress' referenced before assignment
2025-08-16 14:11:44,497 - root - ERROR - Error processing 14000+json points for clearing all of the Teyvat areas/Teyvat_AmakumoFruit_28.json: local variable 'progress' referenced before assignment
2025-08-16 14:11:44,497 - root - ERROR - Error processing 14000+json points for clearing all of the Teyvat areas/Teyvat_AmakumoFruit_29.json: local variable 'progress' referenced before assignment
2025-08-16 14:11:44,497 - root - ERROR - Error processing 14000+json points for clearing all of the Teyvat areas/Teyvat_AmakumoFruit_3.json: local variable 'progress' referenced before assignment
2025-08-16 14:11:44,497 - root - ERROR - Error processing 14000+json points for clearing all of the Teyvat areas/Teyvat_AmakumoFruit_30.json: local variable 'progress' referenced before assignment
2025-08-16 14:11:44,497 - root - ERROR - Error processing 14000+json points for clearing all of the Teyvat areas/Teyvat_AmakumoFruit_31.json: local variable 'progress' referenced before assignment
2025-08-16 14:11:44,497 - root - ERROR - Error processing 14000+json points for clearing all of the Teyvat areas/Teyvat_AmakumoFruit_32.json: local variable 'progress' referenced before assignment
2025-08-16 14:11:44,498 - root - ERROR - Error processing 14000+json points for clearing all of the Teyvat areas/Teyvat_AmakumoFruit_33.json: local variable 'progress' referenced before assignment
2025-08-16 14:11:44,498 - root - ERROR - Error processing 14000+json points for clearing all of the Teyvat areas/Teyvat_AmakumoFruit_34.json: local variable 'progress' referenced before assignment
2025-08-16 14:11:44,498 - root - ERROR - Error processing 14000+json points for clearing all of the Teyvat areas/Teyvat_AmakumoFruit_35.json: local variable 'progress' referenced before assignment
2025-08-16 14:11:44,498 - root - ERROR - Error processing 14000+json points for clearing all of the Teyvat areas/Teyvat_AmakumoFruit_36.json: local variable 'progress' referenced before assignment
2025-08-16 14:11:44,498 - root - ERROR - Error processing 14000+json points for clearing all of the Teyvat areas/Teyvat_AmakumoFruit_37.json: local variable 'progress' referenced before assignment
2025-08-16 14:11:44,498 - root - ERROR - Error processing 14000+json points for clearing all of the Teyvat areas/Teyvat_AmakumoFruit_38.json: local variable 'progress' referenced before assignment
2025-08-16 14:11:44,499 - root - ERROR - Error processing 14000+json points for clearing all of the Teyvat areas/Teyvat_AmakumoFruit_39.json: local variable 'progress' referenced before assignment
2025-08-16 14:11:44,499 - root - ERROR - Error processing 14000+json points for clearing all of the Teyvat areas/Teyvat_AmakumoFruit_4.json: local variable 'progress' referenced before assignment
2025-08-16 14:11:44,499 - root - ERROR - Error processing 14000+json points for clearing all of the Teyvat areas/Teyvat_AmakumoFruit_40.json: local variable 'progress' referenced before assignment
2025-08-16 14:11:44,499 - root - ERROR - Error processing 14000+json points for clearing all of the Teyvat areas/Teyvat_AmakumoFruit_41.json: local variable 'progress' referenced before assignment
2025-08-16 14:11:44,499 - root - ERROR - Error processing 14000+json points for clearing all of the Teyvat areas/Teyvat_AmakumoFruit_42.json: local variable 'progress' referenced before assignment
2025-08-16 14:11:44,499 - root - ERROR - Error processing 14000+json points for clearing all of the Teyvat areas/Teyvat_AmakumoFruit_43.json: local variable 'progress' referenced before assignment
2025-08-16 14:11:44,500 - root - ERROR - Error processing 14000+json points for clearing all of the Teyvat areas/Teyvat_AmakumoFruit_44.json: local variable 'progress' referenced before assignment
2025-08-16 14:11:44,500 - root - ERROR - Error processing 14000+json points for clearing all of the Teyvat areas/Teyvat_AmakumoFruit_45.json: local variable 'progress' referenced before assignment
2025-08-16 14:11:44,500 - root - ERROR - Error processing 14000+json points for clearing all of the Teyvat areas/Teyvat_AmakumoFruit_46.json: local variable 'progress' referenced before assignment
2025-08-16 14:11:44,500 - root - ERROR - Error processing 14000+json points for clearing all of the Teyvat areas/Teyvat_AmakumoFruit_47.json: local variable 'progress' referenced before assignment
2025-08-16 14:11:44,500 - root - ERROR - Error processing 14000+json points for clearing all of the Teyvat areas/Teyvat_AmakumoFruit_48.json: local variable 'progress' referenced before assignment
2025-08-16 14:11:44,501 - root - ERROR - Error processing 14000+json points for clearing all of the Teyvat areas/Teyvat_AmakumoFruit_49.json: local variable 'progress' referenced before assignment
2025-08-16 14:11:44,501 - root - ERROR - Error processing 14000+json points for clearing all of the Teyvat areas/Teyvat_AmakumoFruit_5.json: local variable 'progress' referenced before assignment
2025-08-16 14:11:44,501 - root - ERROR - Error processing 14000+json points for clearing all of the Teyvat areas/Teyvat_AmakumoFruit_50.json: local variable 'progress' referenced before assignment
2025-08-16 14:11:44,501 - root - ERROR - Error processing 14000+json points for clearing all of the Teyvat areas/Teyvat_AmakumoFruit_51.json: local variable 'progress' referenced before assignment
2025-08-16 14:11:44,501 - root - ERROR - Error processing 14000+json points for clearing all of the Teyvat areas/Teyvat_AmakumoFruit_52.json: local variable 'progress' referenced before assignment
2025-08-16 14:11:44,501 - root - ERROR - Error processing 14000+json points for clearing all of the Teyvat areas/Teyvat_AmakumoFruit_53.json: local variable 'progress' referenced before assignment
2025-08-16 14:11:44,502 - root - ERROR - Error processing 14000+json points for clearing all of the Teyvat areas/Teyvat_AmakumoFruit_54.json: local variable 'progress' referenced before assignment
2025-08-16 14:11:44,502 - root - ERROR - Error processing 14000+json points for clearing all of the Teyvat areas/Teyvat_AmakumoFruit_55.json: local variable 'progress' referenced before assignment
2025-08-16 14:11:44,502 - root - ERROR - Error processing 14000+json points for clearing all of the Teyvat areas/Teyvat_AmakumoFruit_56.json: local variable 'progress' referenced before assignment
2025-08-16 14:11:44,502 - root - ERROR - Error processing 14000+json points for clearing all of the Teyvat areas/Teyvat_AmakumoFruit_57.json: local variable 'progress' referenced before assignment
2025-08-16 14:11:44,502 - root - ERROR - Error processing 14000+json points for clearing all of the Teyvat areas/Teyvat_AmakumoFruit_58.json: local variable 'progress' referenced before assignment
2025-08-16 14:11:44,502 - root - ERROR - Error processing 14000+json points for clearing all of the Teyvat areas/Teyvat_AmakumoFruit_59.json: local variable 'progress' referenced before assignment
2025-08-16 14:11:44,502 - root - ERROR - Error processing 14000+json points for clearing all of the Teyvat areas/Teyvat_AmakumoFruit_6.json: local variable 'progress' referenced before assignment
2025-08-16 14:11:44,503 - root - ERROR - Error processing 14000+json points for clearing all of the Teyvat areas/Teyvat_AmakumoFruit_60.json: local variable 'progress' referenced before assignment
2025-08-16 14:11:44,503 - root - ERROR - Error processing 14000+json points for clearing all of the Teyvat areas/Teyvat_AmakumoFruit_61.json: local variable 'progress' referenced before assignment
2025-08-16 14:11:44,503 - root - ERROR - Error processing 14000+json points for clearing all of the Teyvat areas/Teyvat_AmakumoFruit_62.json: local variable 'progress' referenced before assignment
2025-08-16 14:11:44,503 - root - ERROR - Error processing 14000+json points for clearing all of the Teyvat areas/Teyvat_AmakumoFruit_63.json: local variable 'progress' referenced before assignment
2025-08-16 14:11:44,503 - root - ERROR - Error processing 14000+json points for clearing all of the Teyvat areas/Teyvat_AmakumoFruit_64.json: local variable 'progress' referenced before assignment
2025-08-16 14:11:44,503 - root - ERROR - Error processing 14000+json points for clearing all of the Teyvat areas/Teyvat_AmakumoFruit_65.json: local variable 'progress' referenced before assignment
2025-08-16 14:11:44,504 - root - ERROR - Error processing 14000+json points for clearing all of the Teyvat areas/Teyvat_AmakumoFruit_66.json: local variable 'progress' referenced before assignment
2025-08-16 14:11:44,504 - root - ERROR - Error processing 14000+json points for clearing all of the Teyvat areas/Teyvat_AmakumoFruit_67.json: local variable 'progress' referenced before assignment
2025-08-16 14:11:44,504 - root - ERROR - Error processing 14000+json points for clearing all of the Teyvat areas/Teyvat_AmakumoFruit_68.json: local variable 'progress' referenced before assignment
2025-08-16 14:11:44,504 - root - ERROR - Error processing 14000+json points for clearing all of the Teyvat areas/Teyvat_AmakumoFruit_69.json: local variable 'progress' referenced before assignment
2025-08-16 14:11:44,504 - root - ERROR - Error processing 14000+json points for clearing all of the Teyvat areas/Teyvat_AmakumoFruit_7.json: local variable 'progress' referenced before assignment
2025-08-16 14:11:44,504 - root - ERROR - Error processing 14000+json points for clearing all of the Teyvat areas/Teyvat_AmakumoFruit_8.json: local variable 'progress' referenced before assignment
2025-08-16 14:11:44,505 - root - ERROR - Error processing 14000+json points for clearing all of the Teyvat areas/Teyvat_AmakumoFruit_9.json: local variable 'progress' referenced before assignment
2025-08-16 14:11:44,505 - root - ERROR - Error processing 14000+json points for clearing all of the Teyvat areas/Teyvat_AmethystLump_1.json: local variable 'progress' referenced before assignment
2025-08-16 14:11:44,505 - root - ERROR - Error processing 14000+json points for clearing all of the Teyvat areas/Teyvat_AmethystLump_10.json: local variable 'progress' referenced before assignment
2025-08-16 14:11:44,505 - root - ERROR - Error processing 14000+json points for clearing all of the Teyvat areas/Teyvat_AmethystLump_100.json: local variable 'progress' referenced before assignment
2025-08-16 14:11:44,505 - root - ERROR - Error processing 14000+json points for clearing all of the Teyvat areas/Teyvat_AmethystLump_101.json: local variable 'progress' referenced before assignment
2025-08-16 14:11:44,505 - root - ERROR - Error processing 14000+json points for clearing all of the Teyvat areas/Teyvat_AmethystLump_102.json: local variable 'progress' referenced before assignment
2025-08-16 14:11:44,506 - root - ERROR - Error processing 14000+json points for clearing all of the Teyvat areas/Teyvat_AmethystLump_103.json: local variable 'progress' referenced before assignment
2025-08-16 14:11:44,506 - root - ERROR - Error processing 14000+json points for clearing all of the Teyvat areas/Teyvat_AmethystLump_104.json: local variable 'progress' referenced before assignment
2025-08-16 14:11:44,506 - root - ERROR - Error processing 14000+json points for clearing all of the Teyvat areas/Teyvat_AmethystLump_105.json: local variable 'progress' referenced before assignment
2025-08-16 14:11:44,506 - root - ERROR - Error processing 14000+json points for clearing all of the Teyvat areas/Teyvat_AmethystLump_106.json: local variable 'progress' referenced before assignment
2025-08-16 14:11:44,506 - root - ERROR - Error processing 14000+json points for clearing all of the Teyvat areas/Teyvat_AmethystLump_107.json: local variable 'progress' referenced before assignment
2025-08-16 14:11:44,506 - root - ERROR - Error processing 14000+json points for clearing all of the Teyvat areas/Teyvat_AmethystLump_108.json: local variable 'progress' referenced before assignment
2025-08-16 14:11:44,507 - root - ERROR - Error processing 14000+json points for clearing all of the Teyvat areas/Teyvat_AmethystLump_109.json: local variable 'progress' referenced before assignment
2025-08-16 14:11:44,507 - root - ERROR - Error processing 14000+json points for clearing all of the Teyvat areas/Teyvat_AmethystLump_11.json: local variable 'progress' referenced before assignment
2025-08-16 14:11:44,507 - root - ERROR - Error processing 14000+json points for clearing all of the Teyvat areas/Teyvat_AmethystLump_110.json: local variable 'progress' referenced before assignment
2025-08-16 14:11:44,507 - root - ERROR - Error processing 14000+json points for clearing all of the Teyvat areas/Teyvat_AmethystLump_111.json: local variable 'progress' referenced before assignment
2025-08-16 14:11:44,507 - root - ERROR - Error processing 14000+json points for clearing all of the Teyvat areas/Teyvat_AmethystLump_112.json: local variable 'progress' referenced before assignment
2025-08-16 14:11:44,507 - root - ERROR - Error processing 14000+json points for clearing all of the Teyvat areas/Teyvat_AmethystLump_113.json: local variable 'progress' referenced before assignment
2025-08-16 14:11:44,507 - root - ERROR - Error processing 14000+json points for clearing all of the Teyvat areas/Teyvat_AmethystLump_114.json: local variable 'progress' referenced before assignment
2025-08-16 14:11:44,508 - root - ERROR - Error processing 14000+json points for clearing all of the Teyvat areas/Teyvat_AmethystLump_115.json: local variable 'progress' referenced before assignment
2025-08-16 14:11:44,508 - root - ERROR - Error processing 14000+json points for clearing all of the Teyvat areas/Teyvat_AmethystLump_116.json: local variable 'progress' referenced before assignment
2025-08-16 14:11:44,508 - root - ERROR - Error processing 14000+json points for clearing all of the Teyvat areas/Teyvat_AmethystLump_117.json: local variable 'progress' referenced before assignment
2025-08-16 14:11:44,508 - root - ERROR - Error processing 14000+json points for clearing all of the Teyvat areas/Teyvat_AmethystLump_118.json: local variable 'progress' referenced before assignment
2025-08-16 14:11:44,508 - root - ERROR - Error processing 14000+json points for clearing all of the Teyvat areas/Teyvat_AmethystLump_119.json: local variable 'progress' referenced before assignment
2025-08-16 14:11:44,508 - root - ERROR - Error processing 14000+json points for clearing all of the Teyvat areas/Teyvat_AmethystLump_12.json: local variable 'progress' referenced before assignment
2025-08-16 14:11:44,509 - root - ERROR - Error processing 14000+json points for clearing all of the Teyvat areas/Teyvat_AmethystLump_120.json: local variable 'progress' referenced before assignment
2025-08-16 14:11:44,509 - root - ERROR - Error processing 14000+json points for clearing all of the Teyvat areas/Teyvat_AmethystLump_121.json: local variable 'progress' referenced before assignment
2025-08-16 14:11:44,509 - root - ERROR - Error processing 14000+json points for clearing all of the Teyvat areas/Teyvat_AmethystLump_122.json: local variable 'progress' referenced before assignment
2025-08-16 14:11:44,509 - root - ERROR - Error processing 14000+json points for clearing all of the Teyvat areas/Teyvat_AmethystLump_123.json: local variable 'progress' referenced before assignment
2025-08-16 14:11:44,509 - root - ERROR - Error processing 14000+json points for clearing all of the Teyvat areas/Teyvat_AmethystLump_124.json: local variable 'progress' referenced before assignment
2025-08-16 14:11:44,509 - root - ERROR - Error processing 14000+json points for clearing all of the Teyvat areas/Teyvat_AmethystLump_125.json: local variable 'progress' referenced before assignment
2025-08-16 14:11:44,510 - root - ERROR - Error processing 14000+json points for clearing all of the Teyvat areas/Teyvat_AmethystLump_126.json: local variable 'progress' referenced before assignment
2025-08-16 14:11:44,510 - root - ERROR - Error processing 14000+json points for clearing all of the Teyvat areas/Teyvat_AmethystLump_127.json: local variable 'progress' referenced before assignment
2025-08-16 14:11:44,510 - root - ERROR - Error processing 14000+json points for clearing all of the Teyvat areas/Teyvat_AmethystLump_128.json: local variable 'progress' referenced before assignment
2025-08-16 14:11:44,510 - root - ERROR - Error processing 14000+json points for clearing all of the Teyvat areas/Teyvat_AmethystLump_129.json: local variable 'progress' referenced before assignment
2025-08-16 14:11:44,510 - root - ERROR - Error processing 14000+json points for clearing all of the Teyvat areas/Teyvat_AmethystLump_13.json: local variable 'progress' referenced before assignment
2025-08-16 14:11:44,510 - root - ERROR - Error processing 14000+json points for clearing all of the Teyvat areas/Teyvat_AmethystLump_130.json: local variable 'progress' referenced before assignment
2025-08-16 14:11:44,511 - root - ERROR - Error processing 14000+json points for clearing all of the Teyvat areas/Teyvat_AmethystLump_131.json: local variable 'progress' referenced before assignment
2025-08-16 14:11:44,511 - root - ERROR - Error processing 14000+json points for clearing all of the Teyvat areas/Teyvat_AmethystLump_132.json: local variable 'progress' referenced before assignment
2025-08-16 14:11:44,511 - root - ERROR - Error processing 14000+json points for clearing all of the Teyvat areas/Teyvat_AmethystLump_133.json: local variable 'progress' referenced before assignment
2025-08-16 14:11:44,511 - root - ERROR - Error processing 14000+json points for clearing all of the Teyvat areas/Teyvat_AmethystLump_14.json: local variable 'progress' referenced before assignment
2025-08-16 14:11:44,511 - root - ERROR - Error processing 14000+json points for clearing all of the Teyvat areas/Teyvat_AmethystLump_15.json: local variable 'progress' referenced before assignment
2025-08-16 14:11:44,511 - root - ERROR - Error processing 14000+json points for clearing all of the Teyvat areas/Teyvat_AmethystLump_16.json: local variable 'progress' referenced before assignment
2025-08-16 14:11:44,511 - root - ERROR - Error processing 14000+json points for clearing all of the Teyvat areas/Teyvat_AmethystLump_17.json: local variable 'progress' referenced before assignment
2025-08-16 14:11:44,512 - root - ERROR - Error processing 14000+json points for clearing all of the Teyvat areas/Teyvat_AmethystLump_18.json: local variable 'progress' referenced before assignment
2025-08-16 14:11:44,512 - root - ERROR - Error processing 14000+json points for clearing all of the Teyvat areas/Teyvat_AmethystLump_19.json: local variable 'progress' referenced before assignment
2025-08-16 14:11:44,512 - root - ERROR - Error processing 14000+json points for clearing all of the Teyvat areas/Teyvat_AmethystLump_2.json: local variable 'progress' referenced before assignment
2025-08-16 14:11:44,512 - root - ERROR - Error processing 14000+json points for clearing all of the Teyvat areas/Teyvat_AmethystLump_20.json: local variable 'progress' referenced before assignment
2025-08-16 14:11:44,512 - root - ERROR - Error processing 14000+json points for clearing all of the Teyvat areas/Teyvat_AmethystLump_21.json: local variable 'progress' referenced before assignment
2025-08-16 14:11:44,512 - root - ERROR - Error processing 14000+json points for clearing all of the Teyvat areas/Teyvat_AmethystLump_22.json: local variable 'progress' referenced before assignment
2025-08-16 14:11:44,513 - root - ERROR - Error processing 14000+json points for clearing all of the Teyvat areas/Teyvat_AmethystLump_23.json: local variable 'progress' referenced before assignment
2025-08-16 14:11:44,513 - root - ERROR - Error processing 14000+json points for clearing all of the Teyvat areas/Teyvat_AmethystLump_24.json: local variable 'progress' referenced before assignment
2025-08-16 14:11:44,513 - root - ERROR - Error processing 14000+json points for clearing all of the Teyvat areas/Teyvat_AmethystLump_25.json: local variable 'progress' referenced before assignment
2025-08-16 14:11:44,513 - root - ERROR - Error processing 14000+json points for clearing all of the Teyvat areas/Teyvat_AmethystLump_26.json: local variable 'progress' referenced before assignment
2025-08-16 14:11:44,513 - root - ERROR - Error processing 14000+json points for clearing all of the Teyvat areas/Teyvat_AmethystLump_27.json: local variable 'progress' referenced before assignment
2025-08-16 14:11:44,513 - root - ERROR - Error processing 14000+json points for clearing all of the Teyvat areas/Teyvat_AmethystLump_28.json: local variable 'progress' referenced before assignment
2025-08-16 14:11:44,514 - root - ERROR - Error processing 14000+json points for clearing all of the Teyvat areas/Teyvat_AmethystLump_29.json: local variable 'progress' referenced before assignment
2025-08-16 14:11:44,514 - root - ERROR - Error processing 14000+json points for clearing all of the Teyvat areas/Teyvat_AmethystLump_3.json: local variable 'progress' referenced before assignment
2025-08-16 14:11:44,514 - root - ERROR - Error processing 14000+json points for clearing all of the Teyvat areas/Teyvat_AmethystLump_30.json: local variable 'progress' referenced before assignment
2025-08-16 14:11:44,514 - root - ERROR - Error processing 14000+json points for clearing all of the Teyvat areas/Teyvat_AmethystLump_31.json: local variable 'progress' referenced before assignment
2025-08-16 14:11:44,514 - root - ERROR - Error processing 14000+json points for clearing all of the Teyvat areas/Teyvat_AmethystLump_32.json: local variable 'progress' referenced before assignment
2025-08-16 14:11:44,514 - root - ERROR - Error processing 14000+json points for clearing all of the Teyvat areas/Teyvat_AmethystLump_33.json: local variable 'progress' referenced before assignment
2025-08-16 14:11:44,515 - root - ERROR - Error processing 14000+json points for clearing all of the Teyvat areas/Teyvat_AmethystLump_34.json: local variable 'progress' referenced before assignment
2025-08-16 14:11:44,515 - root - ERROR - Error processing 14000+json points for clearing all of the Teyvat areas/Teyvat_AmethystLump_35.json: local variable 'progress' referenced before assignment
2025-08-16 14:11:44,515 - root - ERROR - Error processing 14000+json points for clearing all of the Teyvat areas/Teyvat_AmethystLump_36.json: local variable 'progress' referenced before assignment
2025-08-16 14:11:44,515 - root - ERROR - Error processing 14000+json points for clearing all of the Teyvat areas/Teyvat_AmethystLump_37.json: local variable 'progress' referenced before assignment
2025-08-16 14:11:44,515 - root - ERROR - Error processing 14000+json points for clearing all of the Teyvat areas/Teyvat_AmethystLump_38.json: local variable 'progress' referenced before assignment
2025-08-16 14:11:44,515 - root - ERROR - Error processing 14000+json points for clearing all of the Teyvat areas/Teyvat_AmethystLump_39.json: local variable 'progress' referenced before assignment
2025-08-16 14:11:44,516 - root - ERROR - Error processing 14000+json points for clearing all of the Teyvat areas/Teyvat_AmethystLump_4.json: local variable 'progress' referenced before assignment
2025-08-16 14:11:44,516 - root - ERROR - Error processing 14000+json points for clearing all of the Teyvat areas/Teyvat_AmethystLump_40.json: local variable 'progress' referenced before assignment
2025-08-16 14:11:44,516 - root - ERROR - Error processing 14000+json points for clearing all of the Teyvat areas/Teyvat_AmethystLump_41.json: local variable 'progress' referenced before assignment
2025-08-16 14:11:44,516 - root - ERROR - Error processing 14000+json points for clearing all of the Teyvat areas/Teyvat_AmethystLump_42.json: local variable 'progress' referenced before assignment
2025-08-16 14:11:44,516 - root - ERROR - Error processing 14000+json points for clearing all of the Teyvat areas/Teyvat_AmethystLump_43.json: local variable 'progress' referenced before assignment
2025-08-16 14:11:44,516 - root - ERROR - Error processing 14000+json points for clearing all of the Teyvat areas/Teyvat_AmethystLump_44.json: local variable 'progress' referenced before assignment
2025-08-16 14:11:44,517 - root - ERROR - Error processing 14000+json points for clearing all of the Teyvat areas/Teyvat_AmethystLump_45.json: local variable 'progress' referenced before assignment
2025-08-16 14:11:44,517 - root - ERROR - Error processing 14000+json points for clearing all of the Teyvat areas/Teyvat_AmethystLump_46.json: local variable 'progress' referenced before assignment
2025-08-16 14:11:44,517 - root - ERROR - Error processing 14000+json points for clearing all of the Teyvat areas/Teyvat_AmethystLump_47.json: local variable 'progress' referenced before assignment
2025-08-16 14:11:44,517 - root - ERROR - Error processing 14000+json points for clearing all of the Teyvat areas/Teyvat_AmethystLump_48.json: local variable 'progress' referenced before assignment
2025-08-16 14:11:44,517 - root - ERROR - Error processing 14000+json points for clearing all of the Teyvat areas/Teyvat_AmethystLump_49.json: local variable 'progress' referenced before assignment
2025-08-16 14:11:44,517 - root - ERROR - Error processing 14000+json points for clearing all of the Teyvat areas/Teyvat_AmethystLump_5.json: local variable 'progress' referenced before assignment
2025-08-16 14:11:44,518 - root - ERROR - Error processing 14000+json points for clearing all of the Teyvat areas/Teyvat_AmethystLump_50.json: local variable 'progress' referenced before assignment
2025-08-16 14:11:44,518 - root - ERROR - Error processing 14000+json points for clearing all of the Teyvat areas/Teyvat_AmethystLump_51.json: local variable 'progress' referenced before assignment
2025-08-16 14:11:44,518 - root - ERROR - Error processing 14000+json points for clearing all of the Teyvat areas/Teyvat_AmethystLump_52.json: local variable 'progress' referenced before assignment
2025-08-16 14:11:44,518 - root - ERROR - Error processing 14000+json points for clearing all of the Teyvat areas/Teyvat_AmethystLump_53.json: local variable 'progress' referenced before assignment
2025-08-16 14:11:44,518 - root - ERROR - Error processing 14000+json points for clearing all of the Teyvat areas/Teyvat_AmethystLump_54.json: local variable 'progress' referenced before assignment
2025-08-16 14:11:44,518 - root - ERROR - Error processing 14000+json points for clearing all of the Teyvat areas/Teyvat_AmethystLump_55.json: local variable 'progress' referenced before assignment
2025-08-16 14:11:44,519 - root - ERROR - Error processing 14000+json points for clearing all of the Teyvat areas/Teyvat_AmethystLump_56.json: local variable 'progress' referenced before assignment
2025-08-16 14:11:44,519 - root - ERROR - Error processing 14000+json points for clearing all of the Teyvat areas/Teyvat_AmethystLump_57.json: local variable 'progress' referenced before assignment
2025-08-16 14:11:44,519 - root - ERROR - Error processing 14000+json points for clearing all of the Teyvat areas/Teyvat_AmethystLump_58.json: local variable 'progress' referenced before assignment
2025-08-16 14:11:44,519 - root - ERROR - Error processing 14000+json points for clearing all of the Teyvat areas/Teyvat_AmethystLump_59.json: local variable 'progress' referenced before assignment
2025-08-16 14:11:44,519 - root - ERROR - Error processing 14000+json points for clearing all of the Teyvat areas/Teyvat_AmethystLump_6.json: local variable 'progress' referenced before assignment
2025-08-16 14:11:44,519 - root - ERROR - Error processing 14000+json points for clearing all of the Teyvat areas/Teyvat_AmethystLump_60.json: local variable 'progress' referenced before assignment
2025-08-16 14:11:44,520 - root - ERROR - Error processing 14000+json points for clearing all of the Teyvat areas/Teyvat_AmethystLump_61.json: local variable 'progress' referenced before assignment
2025-08-16 14:11:44,520 - root - ERROR - Error processing 14000+json points for clearing all of the Teyvat areas/Teyvat_AmethystLump_62.json: local variable 'progress' referenced before assignment
2025-08-16 14:11:44,520 - root - ERROR - Error processing 14000+json points for clearing all of the Teyvat areas/Teyvat_AmethystLump_63.json: local variable 'progress' referenced before assignment
2025-08-16 14:11:44,520 - root - ERROR - Error processing 14000+json points for clearing all of the Teyvat areas/Teyvat_AmethystLump_64.json: local variable 'progress' referenced before assignment
2025-08-16 14:11:44,520 - root - ERROR - Error processing 14000+json points for clearing all of the Teyvat areas/Teyvat_AmethystLump_65.json: local variable 'progress' referenced before assignment
2025-08-16 14:11:44,520 - root - ERROR - Error processing 14000+json points for clearing all of the Teyvat areas/Teyvat_AmethystLump_66.json: local variable 'progress' referenced before assignment
2025-08-16 14:11:44,521 - root - ERROR - Error processing 14000+json points for clearing all of the Teyvat areas/Teyvat_AmethystLump_67.json: local variable 'progress' referenced before assignment
2025-08-16 14:11:44,521 - root - ERROR - Error processing 14000+json points for clearing all of the Teyvat areas/Teyvat_AmethystLump_68.json: local variable 'progress' referenced before assignment
2025-08-16 14:11:44,521 - root - ERROR - Error processing 14000+json points for clearing all of the Teyvat areas/Teyvat_AmethystLump_69.json: local variable 'progress' referenced before assignment
2025-08-16 14:11:44,521 - root - ERROR - Error processing 14000+json points for clearing all of the Teyvat areas/Teyvat_AmethystLump_7.json: local variable 'progress' referenced before assignment
2025-08-16 14:11:44,521 - root - ERROR - Error processing 14000+json points for clearing all of the Teyvat areas/Teyvat_AmethystLump_70.json: local variable 'progress' referenced before assignment
2025-08-16 14:11:44,521 - root - ERROR - Error processing 14000+json points for clearing all of the Teyvat areas/Teyvat_AmethystLump_71.json: local variable 'progress' referenced before assignment
2025-08-16 14:11:44,521 - root - ERROR - Error processing 14000+json points for clearing all of the Teyvat areas/Teyvat_AmethystLump_72.json: local variable 'progress' referenced before assignment
2025-08-16 14:11:44,522 - root - ERROR - Error processing 14000+json points for clearing all of the Teyvat areas/Teyvat_AmethystLump_73.json: local variable 'progress' referenced before assignment
2025-08-16 14:11:44,522 - root - ERROR - Error processing 14000+json points for clearing all of the Teyvat areas/Teyvat_AmethystLump_74.json: local variable 'progress' referenced before assignment
2025-08-16 14:11:44,522 - root - ERROR - Error processing 14000+json points for clearing all of the Teyvat areas/Teyvat_AmethystLump_75.json: local variable 'progress' referenced before assignment
2025-08-16 14:11:44,522 - root - ERROR - Error processing 14000+json points for clearing all of the Teyvat areas/Teyvat_AmethystLump_76.json: local variable 'progress' referenced before assignment
2025-08-16 14:11:44,522 - root - ERROR - Error processing 14000+json points for clearing all of the Teyvat areas/Teyvat_AmethystLump_77.json: local variable 'progress' referenced before assignment
2025-08-16 14:11:44,522 - root - ERROR - Error processing 14000+json points for clearing all of the Teyvat areas/Teyvat_AmethystLump_78.json: local variable 'progress' referenced before assignment
2025-08-16 14:11:44,523 - root - ERROR - Error processing 14000+json points for clearing all of the Teyvat areas/Teyvat_AmethystLump_79.json: local variable 'progress' referenced before assignment
2025-08-16 14:11:44,523 - root - ERROR - Error processing 14000+json points for clearing all of the Teyvat areas/Teyvat_AmethystLump_8.json: local variable 'progress' referenced before assignment
2025-08-16 14:11:44,523 - root - ERROR - Error processing 14000+json points for clearing all of the Teyvat areas/Teyvat_AmethystLump_80.json: local variable 'progress' referenced before assignment
2025-08-16 14:11:44,523 - root - ERROR - Error processing 14000+json points for clearing all of the Teyvat areas/Teyvat_AmethystLump_81.json: local variable 'progress' referenced before assignment
2025-08-16 14:11:44,523 - root - ERROR - Error processing 14000+json points for clearing all of the Teyvat areas/Teyvat_AmethystLump_82.json: local variable 'progress' referenced before assignment
2025-08-16 14:11:44,523 - root - ERROR - Error processing 14000+json points for clearing all of the Teyvat areas/Teyvat_AmethystLump_83.json: local variable 'progress' referenced before assignment
2025-08-16 14:11:44,524 - root - ERROR - Error processing 14000+json points for clearing all of the Teyvat areas/Teyvat_AmethystLump_84.json: local variable 'progress' referenced before assignment
2025-08-16 14:11:44,524 - root - ERROR - Error processing 14000+json points for clearing all of the Teyvat areas/Teyvat_AmethystLump_85.json: local variable 'progress' referenced before assignment
2025-08-16 14:11:44,524 - root - ERROR - Error processing 14000+json points for clearing all of the Teyvat areas/Teyvat_AmethystLump_86.json: local variable 'progress' referenced before assignment
2025-08-16 14:11:44,524 - root - ERROR - Error processing 14000+json points for clearing all of the Teyvat areas/Teyvat_AmethystLump_87.json: local variable 'progress' referenced before assignment
2025-08-16 14:11:44,524 - root - ERROR - Error processing 14000+json points for clearing all of the Teyvat areas/Teyvat_AmethystLump_88.json: local variable 'progress' referenced before assignment
2025-08-16 14:11:44,524 - root - ERROR - Error processing 14000+json points for clearing all of the Teyvat areas/Teyvat_AmethystLump_89.json: local variable 'progress' referenced before assignment
2025-08-16 14:11:44,525 - root - ERROR - Error processing 14000+json points for clearing all of the Teyvat areas/Teyvat_AmethystLump_9.json: local variable 'progress' referenced before assignment
2025-08-16 14:11:44,525 - root - ERROR - Error processing 14000+json points for clearing all of the Teyvat areas/Teyvat_AmethystLump_90.json: local variable 'progress' referenced before assignment
2025-08-16 14:11:44,525 - root - ERROR - Error processing 14000+json points for clearing all of the Teyvat areas/Teyvat_AmethystLump_91.json: local variable 'progress' referenced before assignment
2025-08-16 14:11:44,525 - root - ERROR - Error processing 14000+json points for clearing all of the Teyvat areas/Teyvat_AmethystLump_92.json: local variable 'progress' referenced before assignment
2025-08-16 14:11:44,525 - root - ERROR - Error processing 14000+json points for clearing all of the Teyvat areas/Teyvat_AmethystLump_93.json: local variable 'progress' referenced before assignment
2025-08-16 14:11:44,525 - root - ERROR - Error processing 14000+json points for clearing all of the Teyvat areas/Teyvat_AmethystLump_94.json: local variable 'progress' referenced before assignment
2025-08-16 14:11:44,525 - root - ERROR - Error processing 14000+json points for clearing all of the Teyvat areas/Teyvat_AmethystLump_95.json: local variable 'progress' referenced before assignment
2025-08-16 14:11:44,526 - root - ERROR - Error processing 14000+json points for clearing all of the Teyvat areas/Teyvat_AmethystLump_96.json: local variable 'progress' referenced before assignment
2025-08-16 14:11:44,526 - root - ERROR - Error processing 14000+json points for clearing all of the Teyvat areas/Teyvat_AmethystLump_97.json: local variable 'progress' referenced before assignment
2025-08-16 14:11:44,526 - root - ERROR - Error processing 14000+json points for clearing all of the Teyvat areas/Teyvat_AmethystLump_98.json: local variable 'progress' referenced before assignment
2025-08-16 14:11:44,526 - root - ERROR - Error processing 14000+json points for clearing all of the Teyvat areas/Teyvat_AmethystLump_99.json: local variable 'progress' referenced before assignment
2025-08-16 14:11:44,526 - root - ERROR - Error processing 14000+json points for clearing all of the Teyvat areas/Teyvat_Apple_1.json: local variable 'progress' referenced before assignment
2025-08-16 14:11:44,526 - root - ERROR - Error processing 14000+json points for clearing all of the Teyvat areas/Teyvat_Apple_10.json: local variable 'progress' referenced before assignment
2025-08-16 14:11:44,527 - root - ERROR - Error processing 14000+json points for clearing all of the Teyvat areas/Teyvat_Apple_11.json: local variable 'progress' referenced before assignment
2025-08-16 14:11:44,527 - root - ERROR - Error processing 14000+json points for clearing all of the Teyvat areas/Teyvat_Apple_12.json: local variable 'progress' referenced before assignment
2025-08-16 14:11:44,527 - root - ERROR - Error processing 14000+json points for clearing all of the Teyvat areas/Teyvat_Apple_13.json: local variable 'progress' referenced before assignment
2025-08-16 14:11:44,527 - root - ERROR - Error processing 14000+json points for clearing all of the Teyvat areas/Teyvat_Apple_14.json: local variable 'progress' referenced before assignment
2025-08-16 14:11:44,527 - root - ERROR - Error processing 14000+json points for clearing all of the Teyvat areas/Teyvat_Apple_15.json: local variable 'progress' referenced before assignment
2025-08-16 14:11:44,527 - root - ERROR - Error processing 14000+json points for clearing all of the Teyvat areas/Teyvat_Apple_16.json: local variable 'progress' referenced before assignment
2025-08-16 14:11:44,528 - root - ERROR - Error processing 14000+json points for clearing all of the Teyvat areas/Teyvat_Apple_17.json: local variable 'progress' referenced before assignment
2025-08-16 14:11:44,528 - root - ERROR - Error processing 14000+json points for clearing all of the Teyvat areas/Teyvat_Apple_18.json: local variable 'progress' referenced before assignment
2025-08-16 14:11:44,528 - root - ERROR - Error processing 14000+json points for clearing all of the Teyvat areas/Teyvat_Apple_19.json: local variable 'progress' referenced before assignment
2025-08-16 14:11:44,528 - root - ERROR - Error processing 14000+json points for clearing all of the Teyvat areas/Teyvat_Apple_2.json: local variable 'progress' referenced before assignment
2025-08-16 14:11:44,528 - root - ERROR - Error processing 14000+json points for clearing all of the Teyvat areas/Teyvat_Apple_20.json: local variable 'progress' referenced before assignment
2025-08-16 14:11:44,528 - root - ERROR - Error processing 14000+json points for clearing all of the Teyvat areas/Teyvat_Apple_21.json: local variable 'progress' referenced before assignment
2025-08-16 14:11:44,528 - root - ERROR - Error processing 14000+json points for clearing all of the Teyvat areas/Teyvat_Apple_22.json: local variable 'progress' referenced before assignment
2025-08-16 14:11:44,529 - root - ERROR - Error processing 14000+json points for clearing all of the Teyvat areas/Teyvat_Apple_23.json: local variable 'progress' referenced before assignment
2025-08-16 14:11:44,529 - root - ERROR - Error processing 14000+json points for clearing all of the Teyvat areas/Teyvat_Apple_24.json: local variable 'progress' referenced before assignment
2025-08-16 14:11:44,529 - root - ERROR - Error processing 14000+json points for clearing all of the Teyvat areas/Teyvat_Apple_25.json: local variable 'progress' referenced before assignment
2025-08-16 14:11:44,529 - root - ERROR - Error processing 14000+json points for clearing all of the Teyvat areas/Teyvat_Apple_26.json: local variable 'progress' referenced before assignment
2025-08-16 14:11:44,529 - root - ERROR - Error processing 14000+json points for clearing all of the Teyvat areas/Teyvat_Apple_27.json: local variable 'progress' referenced before assignment
2025-08-16 14:11:44,529 - root - ERROR - Error processing 14000+json points for clearing all of the Teyvat areas/Teyvat_Apple_28.json: local variable 'progress' referenced before assignment
2025-08-16 14:11:44,530 - root - ERROR - Error processing 14000+json points for clearing all of the Teyvat areas/Teyvat_Apple_29.json: local variable 'progress' referenced before assignment
2025-08-16 14:11:44,530 - root - ERROR - Error processing 14000+json points for clearing all of the Teyvat areas/Teyvat_Apple_3.json: local variable 'progress' referenced before assignment
2025-08-16 14:11:44,530 - root - ERROR - Error processing 14000+json points for clearing all of the Teyvat areas/Teyvat_Apple_30.json: local variable 'progress' referenced before assignment
2025-08-16 14:11:44,530 - root - ERROR - Error processing 14000+json points for clearing all of the Teyvat areas/Teyvat_Apple_31.json: local variable 'progress' referenced before assignment
2025-08-16 14:11:44,530 - root - ERROR - Error processing 14000+json points for clearing all of the Teyvat areas/Teyvat_Apple_32.json: local variable 'progress' referenced before assignment
2025-08-16 14:11:44,530 - root - ERROR - Error processing 14000+json points for clearing all of the Teyvat areas/Teyvat_Apple_33.json: local variable 'progress' referenced before assignment
2025-08-16 14:11:44,531 - root - ERROR - Error processing 14000+json points for clearing all of the Teyvat areas/Teyvat_Apple_34.json: local variable 'progress' referenced before assignment
2025-08-16 14:11:44,531 - root - ERROR - Error processing 14000+json points for clearing all of the Teyvat areas/Teyvat_Apple_35.json: local variable 'progress' referenced before assignment
2025-08-16 14:11:44,531 - root - ERROR - Error processing 14000+json points for clearing all of the Teyvat areas/Teyvat_Apple_36.json: local variable 'progress' referenced before assignment
2025-08-16 14:11:44,531 - root - ERROR - Error processing 14000+json points for clearing all of the Teyvat areas/Teyvat_Apple_37.json: local variable 'progress' referenced before assignment
2025-08-16 14:11:44,531 - root - ERROR - Error processing 14000+json points for clearing all of the Teyvat areas/Teyvat_Apple_38.json: local variable 'progress' referenced before assignment
2025-08-16 14:11:44,531 - root - ERROR - Error processing 14000+json points for clearing all of the Teyvat areas/Teyvat_Apple_39.json: local variable 'progress' referenced before assignment
2025-08-16 14:11:44,532 - root - ERROR - Error processing 14000+json points for clearing all of the Teyvat areas/Teyvat_Apple_4.json: local variable 'progress' referenced before assignment
2025-08-16 14:11:44,532 - root - ERROR - Error processing 14000+json points for clearing all of the Teyvat areas/Teyvat_Apple_40.json: local variable 'progress' referenced before assignment
2025-08-16 14:11:44,532 - root - ERROR - Error processing 14000+json points for clearing all of the Teyvat areas/Teyvat_Apple_41.json: local variable 'progress' referenced before assignment
2025-08-16 14:11:44,532 - root - ERROR - Error processing 14000+json points for clearing all of the Teyvat areas/Teyvat_Apple_42.json: local variable 'progress' referenced before assignment
2025-08-16 14:11:44,532 - root - ERROR - Error processing 14000+json points for clearing all of the Teyvat areas/Teyvat_Apple_43.json: local variable 'progress' referenced before assignment
2025-08-16 14:11:44,532 - root - ERROR - Error processing 14000+json points for clearing all of the Teyvat areas/Teyvat_Apple_44.json: local variable 'progress' referenced before assignment
2025-08-16 14:11:44,532 - root - ERROR - Error processing 14000+json points for clearing all of the Teyvat areas/Teyvat_Apple_45.json: local variable 'progress' referenced before assignment
2025-08-16 14:11:44,533 - root - ERROR - Error processing 14000+json points for clearing all of the Teyvat areas/Teyvat_Apple_46.json: local variable 'progress' referenced before assignment
2025-08-16 14:11:44,533 - root - ERROR - Error processing 14000+json points for clearing all of the Teyvat areas/Teyvat_Apple_47.json: local variable 'progress' referenced before assignment
2025-08-16 14:11:44,533 - root - ERROR - Error processing 14000+json points for clearing all of the Teyvat areas/Teyvat_Apple_48.json: local variable 'progress' referenced before assignment
2025-08-16 14:11:44,533 - root - ERROR - Error processing 14000+json points for clearing all of the Teyvat areas/Teyvat_Apple_49.json: local variable 'progress' referenced before assignment
2025-08-16 14:11:44,533 - root - ERROR - Error processing 14000+json points for clearing all of the Teyvat areas/Teyvat_Apple_5.json: local variable 'progress' referenced before assignment
2025-08-16 14:11:44,533 - root - ERROR - Error processing 14000+json points for clearing all of the Teyvat areas/Teyvat_Apple_50.json: local variable 'progress' referenced before assignment
2025-08-16 14:11:44,534 - root - ERROR - Error processing 14000+json points for clearing all of the Teyvat areas/Teyvat_Apple_51.json: local variable 'progress' referenced before assignment
2025-08-16 14:11:44,534 - root - ERROR - Error processing 14000+json points for clearing all of the Teyvat areas/Teyvat_Apple_52.json: local variable 'progress' referenced before assignment
2025-08-16 14:11:44,534 - root - ERROR - Error processing 14000+json points for clearing all of the Teyvat areas/Teyvat_Apple_53.json: local variable 'progress' referenced before assignment
2025-08-16 14:11:44,534 - root - ERROR - Error processing 14000+json points for clearing all of the Teyvat areas/Teyvat_Apple_54.json: local variable 'progress' referenced before assignment
2025-08-16 14:11:44,534 - root - ERROR - Error processing 14000+json points for clearing all of the Teyvat areas/Teyvat_Apple_55.json: local variable 'progress' referenced before assignment
2025-08-16 14:11:44,534 - root - ERROR - Error processing 14000+json points for clearing all of the Teyvat areas/Teyvat_Apple_56.json: local variable 'progress' referenced before assignment
2025-08-16 14:11:44,535 - root - ERROR - Error processing 14000+json points for clearing all of the Teyvat areas/Teyvat_Apple_57.json: local variable 'progress' referenced before assignment
2025-08-16 14:11:44,535 - root - ERROR - Error processing 14000+json points for clearing all of the Teyvat areas/Teyvat_Apple_58.json: local variable 'progress' referenced before assignment
2025-08-16 14:11:44,535 - root - ERROR - Error processing 14000+json points for clearing all of the Teyvat areas/Teyvat_Apple_59.json: local variable 'progress' referenced before assignment
2025-08-16 14:11:44,535 - root - ERROR - Error processing 14000+json points for clearing all of the Teyvat areas/Teyvat_Apple_6.json: local variable 'progress' referenced before assignment
2025-08-16 14:11:44,535 - root - ERROR - Error processing 14000+json points for clearing all of the Teyvat areas/Teyvat_Apple_60.json: local variable 'progress' referenced before assignment
2025-08-16 14:11:44,537 - root - ERROR - Error processing 14000+json points for clearing all of the Teyvat areas/Teyvat_Apple_61.json: local variable 'progress' referenced before assignment
2025-08-16 14:11:44,537 - root - ERROR - Error processing 14000+json points for clearing all of the Teyvat areas/Teyvat_Apple_62.json: local variable 'progress' referenced before assignment
2025-08-16 14:11:44,537 - root - ERROR - Error processing 14000+json points for clearing all of the Teyvat areas/Teyvat_Apple_63.json: local variable 'progress' referenced before assignment
2025-08-16 14:11:44,538 - root - ERROR - Error processing 14000+json points for clearing all of the Teyvat areas/Teyvat_Apple_64.json: local variable 'progress' referenced before assignment
2025-08-16 14:11:44,538 - root - ERROR - Error processing 14000+json points for clearing all of the Teyvat areas/Teyvat_Apple_65.json: local variable 'progress' referenced before assignment
2025-08-16 14:11:44,538 - root - ERROR - Error processing 14000+json points for clearing all of the Teyvat areas/Teyvat_Apple_66.json: local variable 'progress' referenced before assignment
2025-08-16 14:11:44,538 - root - ERROR - Error processing 14000+json points for clearing all of the Teyvat areas/Teyvat_Apple_67.json: local variable 'progress' referenced before assignment
2025-08-16 14:11:44,538 - root - ERROR - Error processing 14000+json points for clearing all of the Teyvat areas/Teyvat_Apple_7.json: local variable 'progress' referenced before assignment
2025-08-16 14:11:44,538 - root - ERROR - Error processing 14000+json points for clearing all of the Teyvat areas/Teyvat_Apple_8.json: local variable 'progress' referenced before assignment
2025-08-16 14:11:44,539 - root - ERROR - Error processing 14000+json points for clearing all of the Teyvat areas/Teyvat_Apple_9.json: local variable 'progress' referenced before assignment
2025-08-16 14:11:44,539 - root - ERROR - Error processing 14000+json points for clearing all of the Teyvat areas/Teyvat_BambooShoot_1.json: local variable 'progress' referenced before assignment
2025-08-16 14:11:44,539 - root - ERROR - Error processing 14000+json points for clearing all of the Teyvat areas/Teyvat_BambooShoot_10.json: local variable 'progress' referenced before assignment
2025-08-16 14:11:44,539 - root - ERROR - Error processing 14000+json points for clearing all of the Teyvat areas/Teyvat_BambooShoot_11.json: local variable 'progress' referenced before assignment
2025-08-16 14:11:44,539 - root - ERROR - Error processing 14000+json points for clearing all of the Teyvat areas/Teyvat_BambooShoot_12.json: local variable 'progress' referenced before assignment
2025-08-16 14:11:44,539 - root - ERROR - Error processing 14000+json points for clearing all of the Teyvat areas/Teyvat_BambooShoot_13.json: local variable 'progress' referenced before assignment
2025-08-16 14:11:44,540 - root - ERROR - Error processing 14000+json points for clearing all of the Teyvat areas/Teyvat_BambooShoot_14.json: local variable 'progress' referenced before assignment
2025-08-16 14:11:44,540 - root - ERROR - Error processing 14000+json points for clearing all of the Teyvat areas/Teyvat_BambooShoot_2.json: local variable 'progress' referenced before assignment
2025-08-16 14:11:44,540 - root - ERROR - Error processing 14000+json points for clearing all of the Teyvat areas/Teyvat_BambooShoot_3.json: local variable 'progress' referenced before assignment
2025-08-16 14:11:44,540 - root - ERROR - Error processing 14000+json points for clearing all of the Teyvat areas/Teyvat_BambooShoot_4.json: local variable 'progress' referenced before assignment
2025-08-16 14:11:44,540 - root - ERROR - Error processing 14000+json points for clearing all of the Teyvat areas/Teyvat_BambooShoot_5.json: local variable 'progress' referenced before assignment
2025-08-16 14:11:44,541 - root - ERROR - Error processing 14000+json points for clearing all of the Teyvat areas/Teyvat_BambooShoot_6.json: local variable 'progress' referenced before assignment
2025-08-16 14:11:44,541 - root - ERROR - Error processing 14000+json points for clearing all of the Teyvat areas/Teyvat_BambooShoot_7.json: local variable 'progress' referenced before assignment
2025-08-16 14:11:44,541 - root - ERROR - Error processing 14000+json points for clearing all of the Teyvat areas/Teyvat_BambooShoot_8.json: local variable 'progress' referenced before assignment
2025-08-16 14:11:44,541 - root - ERROR - Error processing 14000+json points for clearing all of the Teyvat areas/Teyvat_BambooShoot_9.json: local variable 'progress' referenced before assignment
2025-08-16 14:11:44,541 - root - ERROR - Error processing 14000+json points for clearing all of the Teyvat areas/Teyvat_Berry_1.json: local variable 'progress' referenced before assignment
2025-08-16 14:11:44,541 - root - ERROR - Error processing 14000+json points for clearing all of the Teyvat areas/Teyvat_Berry_10.json: local variable 'progress' referenced before assignment
2025-08-16 14:11:44,541 - root - ERROR - Error processing 14000+json points for clearing all of the Teyvat areas/Teyvat_Berry_100.json: local variable 'progress' referenced before assignment
2025-08-16 14:11:44,542 - root - ERROR - Error processing 14000+json points for clearing all of the Teyvat areas/Teyvat_Berry_101.json: local variable 'progress' referenced before assignment
2025-08-16 14:11:44,542 - root - ERROR - Error processing 14000+json points for clearing all of the Teyvat areas/Teyvat_Berry_102.json: local variable 'progress' referenced before assignment
2025-08-16 14:11:44,542 - root - ERROR - Error processing 14000+json points for clearing all of the Teyvat areas/Teyvat_Berry_103.json: local variable 'progress' referenced before assignment
2025-08-16 14:11:44,542 - root - ERROR - Error processing 14000+json points for clearing all of the Teyvat areas/Teyvat_Berry_104.json: local variable 'progress' referenced before assignment
2025-08-16 14:11:44,542 - root - ERROR - Error processing 14000+json points for clearing all of the Teyvat areas/Teyvat_Berry_105.json: local variable 'progress' referenced before assignment
2025-08-16 14:11:44,542 - root - ERROR - Error processing 14000+json points for clearing all of the Teyvat areas/Teyvat_Berry_106.json: local variable 'progress' referenced before assignment
2025-08-16 14:11:44,543 - root - ERROR - Error processing 14000+json points for clearing all of the Teyvat areas/Teyvat_Berry_107.json: local variable 'progress' referenced before assignment
2025-08-16 14:11:44,543 - root - ERROR - Error processing 14000+json points for clearing all of the Teyvat areas/Teyvat_Berry_108.json: local variable 'progress' referenced before assignment
2025-08-16 14:11:44,543 - root - ERROR - Error processing 14000+json points for clearing all of the Teyvat areas/Teyvat_Berry_109.json: local variable 'progress' referenced before assignment
2025-08-16 14:11:44,543 - root - ERROR - Error processing 14000+json points for clearing all of the Teyvat areas/Teyvat_Berry_11.json: local variable 'progress' referenced before assignment
2025-08-16 14:11:44,543 - root - ERROR - Error processing 14000+json points for clearing all of the Teyvat areas/Teyvat_Berry_110.json: local variable 'progress' referenced before assignment
2025-08-16 14:11:44,543 - root - ERROR - Error processing 14000+json points for clearing all of the Teyvat areas/Teyvat_Berry_111.json: local variable 'progress' referenced before assignment
2025-08-16 14:11:44,543 - root - ERROR - Error processing 14000+json points for clearing all of the Teyvat areas/Teyvat_Berry_112.json: local variable 'progress' referenced before assignment
2025-08-16 14:11:44,544 - root - ERROR - Error processing 14000+json points for clearing all of the Teyvat areas/Teyvat_Berry_113.json: local variable 'progress' referenced before assignment
2025-08-16 14:11:44,544 - root - ERROR - Error processing 14000+json points for clearing all of the Teyvat areas/Teyvat_Berry_114.json: local variable 'progress' referenced before assignment
2025-08-16 14:11:44,544 - root - ERROR - Error processing 14000+json points for clearing all of the Teyvat areas/Teyvat_Berry_115.json: local variable 'progress' referenced before assignment
2025-08-16 14:11:44,544 - root - ERROR - Error processing 14000+json points for clearing all of the Teyvat areas/Teyvat_Berry_116.json: local variable 'progress' referenced before assignment
2025-08-16 14:11:44,544 - root - ERROR - Error processing 14000+json points for clearing all of the Teyvat areas/Teyvat_Berry_117.json: local variable 'progress' referenced before assignment
2025-08-16 14:11:44,544 - root - ERROR - Error processing 14000+json points for clearing all of the Teyvat areas/Teyvat_Berry_118.json: local variable 'progress' referenced before assignment
2025-08-16 14:11:44,545 - root - ERROR - Error processing 14000+json points for clearing all of the Teyvat areas/Teyvat_Berry_119.json: local variable 'progress' referenced before assignment
2025-08-16 14:11:44,545 - root - ERROR - Error processing 14000+json points for clearing all of the Teyvat areas/Teyvat_Berry_12.json: local variable 'progress' referenced before assignment
2025-08-16 14:11:44,545 - root - ERROR - Error processing 14000+json points for clearing all of the Teyvat areas/Teyvat_Berry_120.json: local variable 'progress' referenced before assignment
2025-08-16 14:11:44,545 - root - ERROR - Error processing 14000+json points for clearing all of the Teyvat areas/Teyvat_Berry_121.json: local variable 'progress' referenced before assignment
2025-08-16 14:11:44,545 - root - ERROR - Error processing 14000+json points for clearing all of the Teyvat areas/Teyvat_Berry_122.json: local variable 'progress' referenced before assignment
2025-08-16 14:11:44,545 - root - ERROR - Error processing 14000+json points for clearing all of the Teyvat areas/Teyvat_Berry_123.json: local variable 'progress' referenced before assignment
2025-08-16 14:11:44,545 - root - ERROR - Error processing 14000+json points for clearing all of the Teyvat areas/Teyvat_Berry_124.json: local variable 'progress' referenced before assignment
2025-08-16 14:11:44,546 - root - ERROR - Error processing 14000+json points for clearing all of the Teyvat areas/Teyvat_Berry_125.json: local variable 'progress' referenced before assignment
2025-08-16 14:11:44,546 - root - ERROR - Error processing 14000+json points for clearing all of the Teyvat areas/Teyvat_Berry_126.json: local variable 'progress' referenced before assignment
2025-08-16 14:11:44,546 - root - ERROR - Error processing 14000+json points for clearing all of the Teyvat areas/Teyvat_Berry_127.json: local variable 'progress' referenced before assignment
2025-08-16 14:11:44,546 - root - ERROR - Error processing 14000+json points for clearing all of the Teyvat areas/Teyvat_Berry_128.json: local variable 'progress' referenced before assignment
2025-08-16 14:11:44,546 - root - ERROR - Error processing 14000+json points for clearing all of the Teyvat areas/Teyvat_Berry_129.json: local variable 'progress' referenced before assignment
2025-08-16 14:11:44,546 - root - ERROR - Error processing 14000+json points for clearing all of the Teyvat areas/Teyvat_Berry_13.json: local variable 'progress' referenced before assignment
2025-08-16 14:11:44,547 - root - ERROR - Error processing 14000+json points for clearing all of the Teyvat areas/Teyvat_Berry_130.json: local variable 'progress' referenced before assignment
2025-08-16 14:11:44,547 - root - ERROR - Error processing 14000+json points for clearing all of the Teyvat areas/Teyvat_Berry_131.json: local variable 'progress' referenced before assignment
2025-08-16 14:11:44,547 - root - ERROR - Error processing 14000+json points for clearing all of the Teyvat areas/Teyvat_Berry_132.json: local variable 'progress' referenced before assignment
2025-08-16 14:11:44,547 - root - ERROR - Error processing 14000+json points for clearing all of the Teyvat areas/Teyvat_Berry_133.json: local variable 'progress' referenced before assignment
2025-08-16 14:11:44,547 - root - ERROR - Error processing 14000+json points for clearing all of the Teyvat areas/Teyvat_Berry_134.json: local variable 'progress' referenced before assignment
2025-08-16 14:11:44,547 - root - ERROR - Error processing 14000+json points for clearing all of the Teyvat areas/Teyvat_Berry_135.json: local variable 'progress' referenced before assignment
2025-08-16 14:11:44,548 - root - ERROR - Error processing 14000+json points for clearing all of the Teyvat areas/Teyvat_Berry_136.json: local variable 'progress' referenced before assignment
2025-08-16 14:11:44,548 - root - ERROR - Error processing 14000+json points for clearing all of the Teyvat areas/Teyvat_Berry_137.json: local variable 'progress' referenced before assignment
2025-08-16 14:11:44,548 - root - ERROR - Error processing 14000+json points for clearing all of the Teyvat areas/Teyvat_Berry_138.json: local variable 'progress' referenced before assignment
2025-08-16 14:11:44,548 - root - ERROR - Error processing 14000+json points for clearing all of the Teyvat areas/Teyvat_Berry_139.json: local variable 'progress' referenced before assignment
2025-08-16 14:11:44,548 - root - ERROR - Error processing 14000+json points for clearing all of the Teyvat areas/Teyvat_Berry_14.json: local variable 'progress' referenced before assignment
2025-08-16 14:11:44,548 - root - ERROR - Error processing 14000+json points for clearing all of the Teyvat areas/Teyvat_Berry_140.json: local variable 'progress' referenced before assignment
2025-08-16 14:11:44,549 - root - ERROR - Error processing 14000+json points for clearing all of the Teyvat areas/Teyvat_Berry_141.json: local variable 'progress' referenced before assignment
2025-08-16 14:11:44,549 - root - ERROR - Error processing 14000+json points for clearing all of the Teyvat areas/Teyvat_Berry_142.json: local variable 'progress' referenced before assignment
2025-08-16 14:11:44,549 - root - ERROR - Error processing 14000+json points for clearing all of the Teyvat areas/Teyvat_Berry_143.json: local variable 'progress' referenced before assignment
2025-08-16 14:11:44,549 - root - ERROR - Error processing 14000+json points for clearing all of the Teyvat areas/Teyvat_Berry_144.json: local variable 'progress' referenced before assignment
2025-08-16 14:11:44,549 - root - ERROR - Error processing 14000+json points for clearing all of the Teyvat areas/Teyvat_Berry_145.json: local variable 'progress' referenced before assignment
2025-08-16 14:11:44,549 - root - ERROR - Error processing 14000+json points for clearing all of the Teyvat areas/Teyvat_Berry_146.json: local variable 'progress' referenced before assignment
2025-08-16 14:11:44,549 - root - ERROR - Error processing 14000+json points for clearing all of the Teyvat areas/Teyvat_Berry_147.json: local variable 'progress' referenced before assignment
2025-08-16 14:11:44,550 - root - ERROR - Error processing 14000+json points for clearing all of the Teyvat areas/Teyvat_Berry_148.json: local variable 'progress' referenced before assignment
2025-08-16 14:11:44,550 - root - ERROR - Error processing 14000+json points for clearing all of the Teyvat areas/Teyvat_Berry_149.json: local variable 'progress' referenced before assignment
2025-08-16 14:11:44,550 - root - ERROR - Error processing 14000+json points for clearing all of the Teyvat areas/Teyvat_Berry_15.json: local variable 'progress' referenced before assignment
2025-08-16 14:11:44,550 - root - ERROR - Error processing 14000+json points for clearing all of the Teyvat areas/Teyvat_Berry_150.json: local variable 'progress' referenced before assignment
2025-08-16 14:11:44,550 - root - ERROR - Error processing 14000+json points for clearing all of the Teyvat areas/Teyvat_Berry_151.json: local variable 'progress' referenced before assignment
2025-08-16 14:11:44,550 - root - ERROR - Error processing 14000+json points for clearing all of the Teyvat areas/Teyvat_Berry_152.json: local variable 'progress' referenced before assignment
2025-08-16 14:11:44,551 - root - ERROR - Error processing 14000+json points for clearing all of the Teyvat areas/Teyvat_Berry_153.json: local variable 'progress' referenced before assignment
2025-08-16 14:11:44,551 - root - ERROR - Error processing 14000+json points for clearing all of the Teyvat areas/Teyvat_Berry_154.json: local variable 'progress' referenced before assignment
2025-08-16 14:11:44,551 - root - ERROR - Error processing 14000+json points for clearing all of the Teyvat areas/Teyvat_Berry_155.json: local variable 'progress' referenced before assignment
2025-08-16 14:11:44,551 - root - ERROR - Error processing 14000+json points for clearing all of the Teyvat areas/Teyvat_Berry_156.json: local variable 'progress' referenced before assignment
2025-08-16 14:11:44,551 - root - ERROR - Error processing 14000+json points for clearing all of the Teyvat areas/Teyvat_Berry_157.json: local variable 'progress' referenced before assignment
2025-08-16 14:11:44,551 - root - ERROR - Error processing 14000+json points for clearing all of the Teyvat areas/Teyvat_Berry_158.json: local variable 'progress' referenced before assignment
2025-08-16 14:11:44,551 - root - ERROR - Error processing 14000+json points for clearing all of the Teyvat areas/Teyvat_Berry_159.json: local variable 'progress' referenced before assignment
2025-08-16 14:11:44,552 - root - ERROR - Error processing 14000+json points for clearing all of the Teyvat areas/Teyvat_Berry_16.json: local variable 'progress' referenced before assignment
2025-08-16 14:11:44,552 - root - ERROR - Error processing 14000+json points for clearing all of the Teyvat areas/Teyvat_Berry_160.json: local variable 'progress' referenced before assignment
2025-08-16 14:11:44,552 - root - ERROR - Error processing 14000+json points for clearing all of the Teyvat areas/Teyvat_Berry_161.json: local variable 'progress' referenced before assignment
2025-08-16 14:11:44,552 - root - ERROR - Error processing 14000+json points for clearing all of the Teyvat areas/Teyvat_Berry_162.json: local variable 'progress' referenced before assignment
2025-08-16 14:11:44,552 - root - ERROR - Error processing 14000+json points for clearing all of the Teyvat areas/Teyvat_Berry_163.json: local variable 'progress' referenced before assignment
2025-08-16 14:11:44,553 - root - ERROR - Error processing 14000+json points for clearing all of the Teyvat areas/Teyvat_Berry_164.json: local variable 'progress' referenced before assignment
2025-08-16 14:11:44,553 - root - ERROR - Error processing 14000+json points for clearing all of the Teyvat areas/Teyvat_Berry_165.json: local variable 'progress' referenced before assignment
2025-08-16 14:11:44,553 - root - ERROR - Error processing 14000+json points for clearing all of the Teyvat areas/Teyvat_Berry_166.json: local variable 'progress' referenced before assignment
2025-08-16 14:11:44,553 - root - ERROR - Error processing 14000+json points for clearing all of the Teyvat areas/Teyvat_Berry_167.json: local variable 'progress' referenced before assignment
2025-08-16 14:11:44,553 - root - ERROR - Error processing 14000+json points for clearing all of the Teyvat areas/Teyvat_Berry_168.json: local variable 'progress' referenced before assignment
2025-08-16 14:11:44,553 - root - ERROR - Error processing 14000+json points for clearing all of the Teyvat areas/Teyvat_Berry_169.json: local variable 'progress' referenced before assignment
2025-08-16 14:11:44,554 - root - ERROR - Error processing 14000+json points for clearing all of the Teyvat areas/Teyvat_Berry_17.json: local variable 'progress' referenced before assignment
2025-08-16 14:11:44,554 - root - ERROR - Error processing 14000+json points for clearing all of the Teyvat areas/Teyvat_Berry_170.json: local variable 'progress' referenced before assignment
2025-08-16 14:11:44,554 - root - ERROR - Error processing 14000+json points for clearing all of the Teyvat areas/Teyvat_Berry_171.json: local variable 'progress' referenced before assignment
2025-08-16 14:11:44,554 - root - ERROR - Error processing 14000+json points for clearing all of the Teyvat areas/Teyvat_Berry_172.json: local variable 'progress' referenced before assignment
2025-08-16 14:11:44,554 - root - ERROR - Error processing 14000+json points for clearing all of the Teyvat areas/Teyvat_Berry_173.json: local variable 'progress' referenced before assignment
2025-08-16 14:11:44,554 - root - ERROR - Error processing 14000+json points for clearing all of the Teyvat areas/Teyvat_Berry_174.json: local variable 'progress' referenced before assignment
2025-08-16 14:11:44,554 - root - ERROR - Error processing 14000+json points for clearing all of the Teyvat areas/Teyvat_Berry_175.json: local variable 'progress' referenced before assignment
2025-08-16 14:11:44,555 - root - ERROR - Error processing 14000+json points for clearing all of the Teyvat areas/Teyvat_Berry_176.json: local variable 'progress' referenced before assignment
2025-08-16 14:11:44,555 - root - ERROR - Error processing 14000+json points for clearing all of the Teyvat areas/Teyvat_Berry_177.json: local variable 'progress' referenced before assignment
2025-08-16 14:11:44,555 - root - ERROR - Error processing 14000+json points for clearing all of the Teyvat areas/Teyvat_Berry_178.json: local variable 'progress' referenced before assignment
2025-08-16 14:11:44,555 - root - ERROR - Error processing 14000+json points for clearing all of the Teyvat areas/Teyvat_Berry_179.json: local variable 'progress' referenced before assignment
2025-08-16 14:11:44,555 - root - ERROR - Error processing 14000+json points for clearing all of the Teyvat areas/Teyvat_Berry_18.json: local variable 'progress' referenced before assignment
2025-08-16 14:11:44,555 - root - ERROR - Error processing 14000+json points for clearing all of the Teyvat areas/Teyvat_Berry_180.json: local variable 'progress' referenced before assignment
2025-08-16 14:11:44,556 - root - ERROR - Error processing 14000+json points for clearing all of the Teyvat areas/Teyvat_Berry_181.json: local variable 'progress' referenced before assignment
2025-08-16 14:11:44,556 - root - ERROR - Error processing 14000+json points for clearing all of the Teyvat areas/Teyvat_Berry_182.json: local variable 'progress' referenced before assignment
2025-08-16 14:11:44,556 - root - ERROR - Error processing 14000+json points for clearing all of the Teyvat areas/Teyvat_Berry_183.json: local variable 'progress' referenced before assignment
2025-08-16 14:11:44,556 - root - ERROR - Error processing 14000+json points for clearing all of the Teyvat areas/Teyvat_Berry_184.json: local variable 'progress' referenced before assignment
2025-08-16 14:11:44,556 - root - ERROR - Error processing 14000+json points for clearing all of the Teyvat areas/Teyvat_Berry_185.json: local variable 'progress' referenced before assignment
2025-08-16 14:11:44,556 - root - ERROR - Error processing 14000+json points for clearing all of the Teyvat areas/Teyvat_Berry_186.json: local variable 'progress' referenced before assignment
2025-08-16 14:11:44,556 - root - ERROR - Error processing 14000+json points for clearing all of the Teyvat areas/Teyvat_Berry_187.json: local variable 'progress' referenced before assignment
2025-08-16 14:11:44,557 - root - ERROR - Error processing 14000+json points for clearing all of the Teyvat areas/Teyvat_Berry_188.json: local variable 'progress' referenced before assignment
2025-08-16 14:11:44,557 - root - ERROR - Error processing 14000+json points for clearing all of the Teyvat areas/Teyvat_Berry_189.json: local variable 'progress' referenced before assignment
2025-08-16 14:11:44,557 - root - ERROR - Error processing 14000+json points for clearing all of the Teyvat areas/Teyvat_Berry_19.json: local variable 'progress' referenced before assignment
2025-08-16 14:11:44,557 - root - ERROR - Error processing 14000+json points for clearing all of the Teyvat areas/Teyvat_Berry_190.json: local variable 'progress' referenced before assignment
2025-08-16 14:11:44,557 - root - ERROR - Error processing 14000+json points for clearing all of the Teyvat areas/Teyvat_Berry_191.json: local variable 'progress' referenced before assignment
2025-08-16 14:11:44,557 - root - ERROR - Error processing 14000+json points for clearing all of the Teyvat areas/Teyvat_Berry_192.json: local variable 'progress' referenced before assignment
2025-08-16 14:11:44,558 - root - ERROR - Error processing 14000+json points for clearing all of the Teyvat areas/Teyvat_Berry_193.json: local variable 'progress' referenced before assignment
2025-08-16 14:11:44,558 - root - ERROR - Error processing 14000+json points for clearing all of the Teyvat areas/Teyvat_Berry_194.json: local variable 'progress' referenced before assignment
2025-08-16 14:11:44,558 - root - ERROR - Error processing 14000+json points for clearing all of the Teyvat areas/Teyvat_Berry_195.json: local variable 'progress' referenced before assignment
2025-08-16 14:11:44,558 - root - ERROR - Error processing 14000+json points for clearing all of the Teyvat areas/Teyvat_Berry_196.json: local variable 'progress' referenced before assignment
2025-08-16 14:11:44,558 - root - ERROR - Error processing 14000+json points for clearing all of the Teyvat areas/Teyvat_Berry_197.json: local variable 'progress' referenced before assignment
2025-08-16 14:11:44,558 - root - ERROR - Error processing 14000+json points for clearing all of the Teyvat areas/Teyvat_Berry_198.json: local variable 'progress' referenced before assignment
2025-08-16 14:11:44,559 - root - ERROR - Error processing 14000+json points for clearing all of the Teyvat areas/Teyvat_Berry_199.json: local variable 'progress' referenced before assignment
2025-08-16 14:11:44,559 - root - ERROR - Error processing 14000+json points for clearing all of the Teyvat areas/Teyvat_Berry_2.json: local variable 'progress' referenced before assignment
2025-08-16 14:11:44,559 - root - ERROR - Error processing 14000+json points for clearing all of the Teyvat areas/Teyvat_Berry_20.json: local variable 'progress' referenced before assignment
2025-08-16 14:11:44,559 - root - ERROR - Error processing 14000+json points for clearing all of the Teyvat areas/Teyvat_Berry_200.json: local variable 'progress' referenced before assignment
2025-08-16 14:11:44,559 - root - ERROR - Error processing 14000+json points for clearing all of the Teyvat areas/Teyvat_Berry_201.json: local variable 'progress' referenced before assignment
2025-08-16 14:11:44,560 - root - ERROR - Error processing 14000+json points for clearing all of the Teyvat areas/Teyvat_Berry_202.json: local variable 'progress' referenced before assignment
2025-08-16 14:11:44,560 - root - ERROR - Error processing 14000+json points for clearing all of the Teyvat areas/Teyvat_Berry_203.json: local variable 'progress' referenced before assignment
2025-08-16 14:11:44,560 - root - ERROR - Error processing 14000+json points for clearing all of the Teyvat areas/Teyvat_Berry_204.json: local variable 'progress' referenced before assignment
2025-08-16 14:11:44,560 - root - ERROR - Error processing 14000+json points for clearing all of the Teyvat areas/Teyvat_Berry_205.json: local variable 'progress' referenced before assignment
2025-08-16 14:11:44,560 - root - ERROR - Error processing 14000+json points for clearing all of the Teyvat areas/Teyvat_Berry_206.json: local variable 'progress' referenced before assignment
2025-08-16 14:11:44,560 - root - ERROR - Error processing 14000+json points for clearing all of the Teyvat areas/Teyvat_Berry_207.json: local variable 'progress' referenced before assignment
2025-08-16 14:11:44,561 - root - ERROR - Error processing 14000+json points for clearing all of the Teyvat areas/Teyvat_Berry_208.json: local variable 'progress' referenced before assignment
2025-08-16 14:11:44,561 - root - ERROR - Error processing 14000+json points for clearing all of the Teyvat areas/Teyvat_Berry_209.json: local variable 'progress' referenced before assignment
2025-08-16 14:11:44,561 - root - ERROR - Error processing 14000+json points for clearing all of the Teyvat areas/Teyvat_Berry_21.json: local variable 'progress' referenced before assignment
2025-08-16 14:11:44,561 - root - ERROR - Error processing 14000+json points for clearing all of the Teyvat areas/Teyvat_Berry_210.json: local variable 'progress' referenced before assignment
2025-08-16 14:11:44,561 - root - ERROR - Error processing 14000+json points for clearing all of the Teyvat areas/Teyvat_Berry_211.json: local variable 'progress' referenced before assignment
2025-08-16 14:11:44,561 - root - ERROR - Error processing 14000+json points for clearing all of the Teyvat areas/Teyvat_Berry_212.json: local variable 'progress' referenced before assignment
2025-08-16 14:11:44,561 - root - ERROR - Error processing 14000+json points for clearing all of the Teyvat areas/Teyvat_Berry_213.json: local variable 'progress' referenced before assignment
2025-08-16 14:11:44,562 - root - ERROR - Error processing 14000+json points for clearing all of the Teyvat areas/Teyvat_Berry_214.json: local variable 'progress' referenced before assignment
2025-08-16 14:11:44,562 - root - ERROR - Error processing 14000+json points for clearing all of the Teyvat areas/Teyvat_Berry_215.json: local variable 'progress' referenced before assignment
2025-08-16 14:11:44,562 - root - ERROR - Error processing 14000+json points for clearing all of the Teyvat areas/Teyvat_Berry_216.json: local variable 'progress' referenced before assignment
2025-08-16 14:11:44,562 - root - ERROR - Error processing 14000+json points for clearing all of the Teyvat areas/Teyvat_Berry_217.json: local variable 'progress' referenced before assignment
2025-08-16 14:11:44,562 - root - ERROR - Error processing 14000+json points for clearing all of the Teyvat areas/Teyvat_Berry_218.json: local variable 'progress' referenced before assignment
2025-08-16 14:11:44,562 - root - ERROR - Error processing 14000+json points for clearing all of the Teyvat areas/Teyvat_Berry_219.json: local variable 'progress' referenced before assignment
2025-08-16 14:11:44,563 - root - ERROR - Error processing 14000+json points for clearing all of the Teyvat areas/Teyvat_Berry_22.json: local variable 'progress' referenced before assignment
2025-08-16 14:11:44,563 - root - ERROR - Error processing 14000+json points for clearing all of the Teyvat areas/Teyvat_Berry_220.json: local variable 'progress' referenced before assignment
2025-08-16 14:11:44,563 - root - ERROR - Error processing 14000+json points for clearing all of the Teyvat areas/Teyvat_Berry_221.json: local variable 'progress' referenced before assignment
2025-08-16 14:11:44,563 - root - ERROR - Error processing 14000+json points for clearing all of the Teyvat areas/Teyvat_Berry_222.json: local variable 'progress' referenced before assignment
2025-08-16 14:11:44,563 - root - ERROR - Error processing 14000+json points for clearing all of the Teyvat areas/Teyvat_Berry_223.json: local variable 'progress' referenced before assignment
2025-08-16 14:11:44,563 - root - ERROR - Error processing 14000+json points for clearing all of the Teyvat areas/Teyvat_Berry_224.json: local variable 'progress' referenced before assignment
2025-08-16 14:11:44,564 - root - ERROR - Error processing 14000+json points for clearing all of the Teyvat areas/Teyvat_Berry_225.json: local variable 'progress' referenced before assignment
2025-08-16 14:11:44,564 - root - ERROR - Error processing 14000+json points for clearing all of the Teyvat areas/Teyvat_Berry_226.json: local variable 'progress' referenced before assignment
2025-08-16 14:11:44,564 - root - ERROR - Error processing 14000+json points for clearing all of the Teyvat areas/Teyvat_Berry_227.json: local variable 'progress' referenced before assignment
2025-08-16 14:11:44,564 - root - ERROR - Error processing 14000+json points for clearing all of the Teyvat areas/Teyvat_Berry_228.json: local variable 'progress' referenced before assignment
2025-08-16 14:11:44,564 - root - ERROR - Error processing 14000+json points for clearing all of the Teyvat areas/Teyvat_Berry_229.json: local variable 'progress' referenced before assignment
2025-08-16 14:11:44,564 - root - ERROR - Error processing 14000+json points for clearing all of the Teyvat areas/Teyvat_Berry_23.json: local variable 'progress' referenced before assignment
2025-08-16 14:11:44,565 - root - ERROR - Error processing 14000+json points for clearing all of the Teyvat areas/Teyvat_Berry_230.json: local variable 'progress' referenced before assignment
2025-08-16 14:11:44,565 - root - ERROR - Error processing 14000+json points for clearing all of the Teyvat areas/Teyvat_Berry_231.json: local variable 'progress' referenced before assignment
2025-08-16 14:11:44,565 - root - ERROR - Error processing 14000+json points for clearing all of the Teyvat areas/Teyvat_Berry_232.json: local variable 'progress' referenced before assignment
2025-08-16 14:11:44,565 - root - ERROR - Error processing 14000+json points for clearing all of the Teyvat areas/Teyvat_Berry_233.json: local variable 'progress' referenced before assignment
2025-08-16 14:11:44,565 - root - ERROR - Error processing 14000+json points for clearing all of the Teyvat areas/Teyvat_Berry_234.json: local variable 'progress' referenced before assignment
2025-08-16 14:11:44,565 - root - ERROR - Error processing 14000+json points for clearing all of the Teyvat areas/Teyvat_Berry_235.json: local variable 'progress' referenced before assignment
2025-08-16 14:11:44,566 - root - ERROR - Error processing 14000+json points for clearing all of the Teyvat areas/Teyvat_Berry_236.json: local variable 'progress' referenced before assignment
2025-08-16 14:11:44,566 - root - ERROR - Error processing 14000+json points for clearing all of the Teyvat areas/Teyvat_Berry_237.json: local variable 'progress' referenced before assignment
2025-08-16 14:11:44,566 - root - ERROR - Error processing 14000+json points for clearing all of the Teyvat areas/Teyvat_Berry_238.json: local variable 'progress' referenced before assignment
2025-08-16 14:11:44,566 - root - ERROR - Error processing 14000+json points for clearing all of the Teyvat areas/Teyvat_Berry_239.json: local variable 'progress' referenced before assignment
2025-08-16 14:11:44,566 - root - ERROR - Error processing 14000+json points for clearing all of the Teyvat areas/Teyvat_Berry_24.json: local variable 'progress' referenced before assignment
2025-08-16 14:11:44,566 - root - ERROR - Error processing 14000+json points for clearing all of the Teyvat areas/Teyvat_Berry_240.json: local variable 'progress' referenced before assignment
2025-08-16 14:11:44,566 - root - ERROR - Error processing 14000+json points for clearing all of the Teyvat areas/Teyvat_Berry_241.json: local variable 'progress' referenced before assignment
2025-08-16 14:11:44,567 - root - ERROR - Error processing 14000+json points for clearing all of the Teyvat areas/Teyvat_Berry_242.json: local variable 'progress' referenced before assignment
2025-08-16 14:11:44,567 - root - ERROR - Error processing 14000+json points for clearing all of the Teyvat areas/Teyvat_Berry_243.json: local variable 'progress' referenced before assignment
2025-08-16 14:11:44,567 - root - ERROR - Error processing 14000+json points for clearing all of the Teyvat areas/Teyvat_Berry_244.json: local variable 'progress' referenced before assignment
2025-08-16 14:11:44,567 - root - ERROR - Error processing 14000+json points for clearing all of the Teyvat areas/Teyvat_Berry_245.json: local variable 'progress' referenced before assignment
2025-08-16 14:11:44,567 - root - ERROR - Error processing 14000+json points for clearing all of the Teyvat areas/Teyvat_Berry_246.json: local variable 'progress' referenced before assignment
2025-08-16 14:11:44,568 - root - ERROR - Error processing 14000+json points for clearing all of the Teyvat areas/Teyvat_Berry_247.json: local variable 'progress' referenced before assignment
2025-08-16 14:11:44,568 - root - ERROR - Error processing 14000+json points for clearing all of the Teyvat areas/Teyvat_Berry_248.json: local variable 'progress' referenced before assignment
2025-08-16 14:11:44,568 - root - ERROR - Error processing 14000+json points for clearing all of the Teyvat areas/Teyvat_Berry_249.json: local variable 'progress' referenced before assignment
2025-08-16 14:11:44,568 - root - ERROR - Error processing 14000+json points for clearing all of the Teyvat areas/Teyvat_Berry_25.json: local variable 'progress' referenced before assignment
2025-08-16 14:11:44,568 - root - ERROR - Error processing 14000+json points for clearing all of the Teyvat areas/Teyvat_Berry_250.json: local variable 'progress' referenced before assignment
2025-08-16 14:11:44,568 - root - ERROR - Error processing 14000+json points for clearing all of the Teyvat areas/Teyvat_Berry_251.json: local variable 'progress' referenced before assignment
2025-08-16 14:11:44,569 - root - ERROR - Error processing 14000+json points for clearing all of the Teyvat areas/Teyvat_Berry_252.json: local variable 'progress' referenced before assignment
2025-08-16 14:11:44,569 - root - ERROR - Error processing 14000+json points for clearing all of the Teyvat areas/Teyvat_Berry_253.json: local variable 'progress' referenced before assignment
2025-08-16 14:11:44,569 - root - ERROR - Error processing 14000+json points for clearing all of the Teyvat areas/Teyvat_Berry_254.json: local variable 'progress' referenced before assignment
2025-08-16 14:11:44,569 - root - ERROR - Error processing 14000+json points for clearing all of the Teyvat areas/Teyvat_Berry_255.json: local variable 'progress' referenced before assignment
2025-08-16 14:11:44,569 - root - ERROR - Error processing 14000+json points for clearing all of the Teyvat areas/Teyvat_Berry_256.json: local variable 'progress' referenced before assignment
2025-08-16 14:11:44,569 - root - ERROR - Error processing 14000+json points for clearing all of the Teyvat areas/Teyvat_Berry_257.json: local variable 'progress' referenced before assignment
2025-08-16 14:11:44,570 - root - ERROR - Error processing 14000+json points for clearing all of the Teyvat areas/Teyvat_Berry_258.json: local variable 'progress' referenced before assignment
2025-08-16 14:11:44,570 - root - ERROR - Error processing 14000+json points for clearing all of the Teyvat areas/Teyvat_Berry_259.json: local variable 'progress' referenced before assignment
2025-08-16 14:11:44,570 - root - ERROR - Error processing 14000+json points for clearing all of the Teyvat areas/Teyvat_Berry_26.json: local variable 'progress' referenced before assignment
2025-08-16 14:11:44,570 - root - ERROR - Error processing 14000+json points for clearing all of the Teyvat areas/Teyvat_Berry_260.json: local variable 'progress' referenced before assignment
2025-08-16 14:11:44,570 - root - ERROR - Error processing 14000+json points for clearing all of the Teyvat areas/Teyvat_Berry_261.json: local variable 'progress' referenced before assignment
2025-08-16 14:11:44,570 - root - ERROR - Error processing 14000+json points for clearing all of the Teyvat areas/Teyvat_Berry_262.json: local variable 'progress' referenced before assignment
2025-08-16 14:11:44,571 - root - ERROR - Error processing 14000+json points for clearing all of the Teyvat areas/Teyvat_Berry_263.json: local variable 'progress' referenced before assignment
2025-08-16 14:11:44,571 - root - ERROR - Error processing 14000+json points for clearing all of the Teyvat areas/Teyvat_Berry_264.json: local variable 'progress' referenced before assignment
2025-08-16 14:11:44,571 - root - ERROR - Error processing 14000+json points for clearing all of the Teyvat areas/Teyvat_Berry_265.json: local variable 'progress' referenced before assignment
2025-08-16 14:11:44,571 - root - ERROR - Error processing 14000+json points for clearing all of the Teyvat areas/Teyvat_Berry_266.json: local variable 'progress' referenced before assignment
2025-08-16 14:11:44,571 - root - ERROR - Error processing 14000+json points for clearing all of the Teyvat areas/Teyvat_Berry_267.json: local variable 'progress' referenced before assignment
2025-08-16 14:11:44,571 - root - ERROR - Error processing 14000+json points for clearing all of the Teyvat areas/Teyvat_Berry_268.json: local variable 'progress' referenced before assignment
2025-08-16 14:11:44,571 - root - ERROR - Error processing 14000+json points for clearing all of the Teyvat areas/Teyvat_Berry_269.json: local variable 'progress' referenced before assignment
2025-08-16 14:11:44,572 - root - ERROR - Error processing 14000+json points for clearing all of the Teyvat areas/Teyvat_Berry_27.json: local variable 'progress' referenced before assignment
2025-08-16 14:11:44,572 - root - ERROR - Error processing 14000+json points for clearing all of the Teyvat areas/Teyvat_Berry_270.json: local variable 'progress' referenced before assignment
2025-08-16 14:11:44,572 - root - ERROR - Error processing 14000+json points for clearing all of the Teyvat areas/Teyvat_Berry_271.json: local variable 'progress' referenced before assignment
2025-08-16 14:11:44,572 - root - ERROR - Error processing 14000+json points for clearing all of the Teyvat areas/Teyvat_Berry_272.json: local variable 'progress' referenced before assignment
2025-08-16 14:11:44,572 - root - ERROR - Error processing 14000+json points for clearing all of the Teyvat areas/Teyvat_Berry_273.json: local variable 'progress' referenced before assignment
2025-08-16 14:11:44,572 - root - ERROR - Error processing 14000+json points for clearing all of the Teyvat areas/Teyvat_Berry_274.json: local variable 'progress' referenced before assignment
2025-08-16 14:11:44,573 - root - ERROR - Error processing 14000+json points for clearing all of the Teyvat areas/Teyvat_Berry_275.json: local variable 'progress' referenced before assignment
2025-08-16 14:11:44,573 - root - ERROR - Error processing 14000+json points for clearing all of the Teyvat areas/Teyvat_Berry_276.json: local variable 'progress' referenced before assignment
2025-08-16 14:11:44,573 - root - ERROR - Error processing 14000+json points for clearing all of the Teyvat areas/Teyvat_Berry_277.json: local variable 'progress' referenced before assignment
2025-08-16 14:11:44,573 - root - ERROR - Error processing 14000+json points for clearing all of the Teyvat areas/Teyvat_Berry_278.json: local variable 'progress' referenced before assignment
2025-08-16 14:11:44,573 - root - ERROR - Error processing 14000+json points for clearing all of the Teyvat areas/Teyvat_Berry_279.json: local variable 'progress' referenced before assignment
2025-08-16 14:11:44,573 - root - ERROR - Error processing 14000+json points for clearing all of the Teyvat areas/Teyvat_Berry_28.json: local variable 'progress' referenced before assignment
2025-08-16 14:11:44,573 - root - ERROR - Error processing 14000+json points for clearing all of the Teyvat areas/Teyvat_Berry_280.json: local variable 'progress' referenced before assignment
2025-08-16 14:11:44,574 - root - ERROR - Error processing 14000+json points for clearing all of the Teyvat areas/Teyvat_Berry_281.json: local variable 'progress' referenced before assignment
2025-08-16 14:11:44,574 - root - ERROR - Error processing 14000+json points for clearing all of the Teyvat areas/Teyvat_Berry_282.json: local variable 'progress' referenced before assignment
2025-08-16 14:11:44,574 - root - ERROR - Error processing 14000+json points for clearing all of the Teyvat areas/Teyvat_Berry_283.json: local variable 'progress' referenced before assignment
2025-08-16 14:11:44,574 - root - ERROR - Error processing 14000+json points for clearing all of the Teyvat areas/Teyvat_Berry_284.json: local variable 'progress' referenced before assignment
2025-08-16 14:11:44,574 - root - ERROR - Error processing 14000+json points for clearing all of the Teyvat areas/Teyvat_Berry_285.json: local variable 'progress' referenced before assignment
2025-08-16 14:11:44,574 - root - ERROR - Error processing 14000+json points for clearing all of the Teyvat areas/Teyvat_Berry_286.json: local variable 'progress' referenced before assignment
2025-08-16 14:11:44,575 - root - ERROR - Error processing 14000+json points for clearing all of the Teyvat areas/Teyvat_Berry_287.json: local variable 'progress' referenced before assignment
2025-08-16 14:11:44,575 - root - ERROR - Error processing 14000+json points for clearing all of the Teyvat areas/Teyvat_Berry_288.json: local variable 'progress' referenced before assignment
2025-08-16 14:11:44,575 - root - ERROR - Error processing 14000+json points for clearing all of the Teyvat areas/Teyvat_Berry_289.json: local variable 'progress' referenced before assignment
2025-08-16 14:11:44,575 - root - ERROR - Error processing 14000+json points for clearing all of the Teyvat areas/Teyvat_Berry_29.json: local variable 'progress' referenced before assignment
2025-08-16 14:11:44,575 - root - ERROR - Error processing 14000+json points for clearing all of the Teyvat areas/Teyvat_Berry_290.json: local variable 'progress' referenced before assignment
2025-08-16 14:11:44,575 - root - ERROR - Error processing 14000+json points for clearing all of the Teyvat areas/Teyvat_Berry_291.json: local variable 'progress' referenced before assignment
2025-08-16 14:11:44,576 - root - ERROR - Error processing 14000+json points for clearing all of the Teyvat areas/Teyvat_Berry_292.json: local variable 'progress' referenced before assignment
2025-08-16 14:11:44,576 - root - ERROR - Error processing 14000+json points for clearing all of the Teyvat areas/Teyvat_Berry_293.json: local variable 'progress' referenced before assignment
2025-08-16 14:11:44,576 - root - ERROR - Error processing 14000+json points for clearing all of the Teyvat areas/Teyvat_Berry_294.json: local variable 'progress' referenced before assignment
2025-08-16 14:11:44,576 - root - ERROR - Error processing 14000+json points for clearing all of the Teyvat areas/Teyvat_Berry_295.json: local variable 'progress' referenced before assignment
2025-08-16 14:11:44,576 - root - ERROR - Error processing 14000+json points for clearing all of the Teyvat areas/Teyvat_Berry_296.json: local variable 'progress' referenced before assignment
2025-08-16 14:11:44,576 - root - ERROR - Error processing 14000+json points for clearing all of the Teyvat areas/Teyvat_Berry_297.json: local variable 'progress' referenced before assignment
2025-08-16 14:11:44,576 - root - ERROR - Error processing 14000+json points for clearing all of the Teyvat areas/Teyvat_Berry_298.json: local variable 'progress' referenced before assignment
2025-08-16 14:11:44,577 - root - ERROR - Error processing 14000+json points for clearing all of the Teyvat areas/Teyvat_Berry_299.json: local variable 'progress' referenced before assignment
2025-08-16 14:11:44,577 - root - ERROR - Error processing 14000+json points for clearing all of the Teyvat areas/Teyvat_Berry_3.json: local variable 'progress' referenced before assignment
2025-08-16 14:11:44,577 - root - ERROR - Error processing 14000+json points for clearing all of the Teyvat areas/Teyvat_Berry_30.json: local variable 'progress' referenced before assignment
2025-08-16 14:11:44,577 - root - ERROR - Error processing 14000+json points for clearing all of the Teyvat areas/Teyvat_Berry_300.json: local variable 'progress' referenced before assignment
2025-08-16 14:11:44,577 - root - ERROR - Error processing 14000+json points for clearing all of the Teyvat areas/Teyvat_Berry_301.json: local variable 'progress' referenced before assignment
2025-08-16 14:11:44,577 - root - ERROR - Error processing 14000+json points for clearing all of the Teyvat areas/Teyvat_Berry_302.json: local variable 'progress' referenced before assignment
2025-08-16 14:11:44,578 - root - ERROR - Error processing 14000+json points for clearing all of the Teyvat areas/Teyvat_Berry_303.json: local variable 'progress' referenced before assignment
2025-08-16 14:11:44,578 - root - ERROR - Error processing 14000+json points for clearing all of the Teyvat areas/Teyvat_Berry_304.json: local variable 'progress' referenced before assignment
2025-08-16 14:11:44,578 - root - ERROR - Error processing 14000+json points for clearing all of the Teyvat areas/Teyvat_Berry_305.json: local variable 'progress' referenced before assignment
2025-08-16 14:11:44,578 - root - ERROR - Error processing 14000+json points for clearing all of the Teyvat areas/Teyvat_Berry_306.json: local variable 'progress' referenced before assignment
2025-08-16 14:11:44,578 - root - ERROR - Error processing 14000+json points for clearing all of the Teyvat areas/Teyvat_Berry_307.json: local variable 'progress' referenced before assignment
2025-08-16 14:11:44,578 - root - ERROR - Error processing 14000+json points for clearing all of the Teyvat areas/Teyvat_Berry_308.json: local variable 'progress' referenced before assignment
2025-08-16 14:11:44,579 - root - ERROR - Error processing 14000+json points for clearing all of the Teyvat areas/Teyvat_Berry_309.json: local variable 'progress' referenced before assignment
2025-08-16 14:11:44,579 - root - ERROR - Error processing 14000+json points for clearing all of the Teyvat areas/Teyvat_Berry_31.json: local variable 'progress' referenced before assignment
2025-08-16 14:11:44,579 - root - ERROR - Error processing 14000+json points for clearing all of the Teyvat areas/Teyvat_Berry_310.json: local variable 'progress' referenced before assignment
2025-08-16 14:11:44,579 - root - ERROR - Error processing 14000+json points for clearing all of the Teyvat areas/Teyvat_Berry_311.json: local variable 'progress' referenced before assignment
2025-08-16 14:11:44,579 - root - ERROR - Error processing 14000+json points for clearing all of the Teyvat areas/Teyvat_Berry_312.json: local variable 'progress' referenced before assignment
2025-08-16 14:11:44,579 - root - ERROR - Error processing 14000+json points for clearing all of the Teyvat areas/Teyvat_Berry_313.json: local variable 'progress' referenced before assignment
2025-08-16 14:11:44,580 - root - ERROR - Error processing 14000+json points for clearing all of the Teyvat areas/Teyvat_Berry_314.json: local variable 'progress' referenced before assignment
2025-08-16 14:11:44,580 - root - ERROR - Error processing 14000+json points for clearing all of the Teyvat areas/Teyvat_Berry_315.json: local variable 'progress' referenced before assignment
2025-08-16 14:11:44,580 - root - ERROR - Error processing 14000+json points for clearing all of the Teyvat areas/Teyvat_Berry_316.json: local variable 'progress' referenced before assignment
2025-08-16 14:11:44,580 - root - ERROR - Error processing 14000+json points for clearing all of the Teyvat areas/Teyvat_Berry_317.json: local variable 'progress' referenced before assignment
2025-08-16 14:11:44,580 - root - ERROR - Error processing 14000+json points for clearing all of the Teyvat areas/Teyvat_Berry_318.json: local variable 'progress' referenced before assignment
2025-08-16 14:11:44,580 - root - ERROR - Error processing 14000+json points for clearing all of the Teyvat areas/Teyvat_Berry_319.json: local variable 'progress' referenced before assignment
2025-08-16 14:11:44,581 - root - ERROR - Error processing 14000+json points for clearing all of the Teyvat areas/Teyvat_Berry_32.json: local variable 'progress' referenced before assignment
2025-08-16 14:11:44,581 - root - ERROR - Error processing 14000+json points for clearing all of the Teyvat areas/Teyvat_Berry_320.json: local variable 'progress' referenced before assignment
2025-08-16 14:11:44,581 - root - ERROR - Error processing 14000+json points for clearing all of the Teyvat areas/Teyvat_Berry_321.json: local variable 'progress' referenced before assignment
2025-08-16 14:11:44,581 - root - ERROR - Error processing 14000+json points for clearing all of the Teyvat areas/Teyvat_Berry_322.json: local variable 'progress' referenced before assignment
2025-08-16 14:11:44,581 - root - ERROR - Error processing 14000+json points for clearing all of the Teyvat areas/Teyvat_Berry_323.json: local variable 'progress' referenced before assignment
2025-08-16 14:11:44,581 - root - ERROR - Error processing 14000+json points for clearing all of the Teyvat areas/Teyvat_Berry_324.json: local variable 'progress' referenced before assignment
2025-08-16 14:11:44,582 - root - ERROR - Error processing 14000+json points for clearing all of the Teyvat areas/Teyvat_Berry_325.json: local variable 'progress' referenced before assignment
2025-08-16 14:11:44,582 - root - ERROR - Error processing 14000+json points for clearing all of the Teyvat areas/Teyvat_Berry_326.json: local variable 'progress' referenced before assignment
2025-08-16 14:11:44,582 - root - ERROR - Error processing 14000+json points for clearing all of the Teyvat areas/Teyvat_Berry_327.json: local variable 'progress' referenced before assignment
2025-08-16 14:11:44,582 - root - ERROR - Error processing 14000+json points for clearing all of the Teyvat areas/Teyvat_Berry_328.json: local variable 'progress' referenced before assignment
2025-08-16 14:11:44,582 - root - ERROR - Error processing 14000+json points for clearing all of the Teyvat areas/Teyvat_Berry_329.json: local variable 'progress' referenced before assignment
2025-08-16 14:11:44,582 - root - ERROR - Error processing 14000+json points for clearing all of the Teyvat areas/Teyvat_Berry_33.json: local variable 'progress' referenced before assignment
2025-08-16 14:11:44,582 - root - ERROR - Error processing 14000+json points for clearing all of the Teyvat areas/Teyvat_Berry_330.json: local variable 'progress' referenced before assignment
2025-08-16 14:11:44,583 - root - ERROR - Error processing 14000+json points for clearing all of the Teyvat areas/Teyvat_Berry_331.json: local variable 'progress' referenced before assignment
2025-08-16 14:11:44,583 - root - ERROR - Error processing 14000+json points for clearing all of the Teyvat areas/Teyvat_Berry_332.json: local variable 'progress' referenced before assignment
2025-08-16 14:11:44,583 - root - ERROR - Error processing 14000+json points for clearing all of the Teyvat areas/Teyvat_Berry_333.json: local variable 'progress' referenced before assignment
2025-08-16 14:11:44,583 - root - ERROR - Error processing 14000+json points for clearing all of the Teyvat areas/Teyvat_Berry_334.json: local variable 'progress' referenced before assignment
2025-08-16 14:11:44,583 - root - ERROR - Error processing 14000+json points for clearing all of the Teyvat areas/Teyvat_Berry_335.json: local variable 'progress' referenced before assignment
2025-08-16 14:11:44,583 - root - ERROR - Error processing 14000+json points for clearing all of the Teyvat areas/Teyvat_Berry_336.json: local variable 'progress' referenced before assignment
2025-08-16 14:11:44,584 - root - ERROR - Error processing 14000+json points for clearing all of the Teyvat areas/Teyvat_Berry_337.json: local variable 'progress' referenced before assignment
2025-08-16 14:11:44,584 - root - ERROR - Error processing 14000+json points for clearing all of the Teyvat areas/Teyvat_Berry_338.json: local variable 'progress' referenced before assignment
2025-08-16 14:11:44,584 - root - ERROR - Error processing 14000+json points for clearing all of the Teyvat areas/Teyvat_Berry_339.json: local variable 'progress' referenced before assignment
2025-08-16 14:11:44,584 - root - ERROR - Error processing 14000+json points for clearing all of the Teyvat areas/Teyvat_Berry_34.json: local variable 'progress' referenced before assignment
2025-08-16 14:11:44,584 - root - ERROR - Error processing 14000+json points for clearing all of the Teyvat areas/Teyvat_Berry_340.json: local variable 'progress' referenced before assignment
2025-08-16 14:11:44,584 - root - ERROR - Error processing 14000+json points for clearing all of the Teyvat areas/Teyvat_Berry_341.json: local variable 'progress' referenced before assignment
2025-08-16 14:11:44,585 - root - ERROR - Error processing 14000+json points for clearing all of the Teyvat areas/Teyvat_Berry_342.json: local variable 'progress' referenced before assignment
2025-08-16 14:11:44,585 - root - ERROR - Error processing 14000+json points for clearing all of the Teyvat areas/Teyvat_Berry_343.json: local variable 'progress' referenced before assignment
2025-08-16 14:11:44,585 - root - ERROR - Error processing 14000+json points for clearing all of the Teyvat areas/Teyvat_Berry_344.json: local variable 'progress' referenced before assignment
2025-08-16 14:11:44,585 - root - ERROR - Error processing 14000+json points for clearing all of the Teyvat areas/Teyvat_Berry_345.json: local variable 'progress' referenced before assignment
2025-08-16 14:11:44,585 - root - ERROR - Error processing 14000+json points for clearing all of the Teyvat areas/Teyvat_Berry_346.json: local variable 'progress' referenced before assignment
2025-08-16 14:11:44,585 - root - ERROR - Error processing 14000+json points for clearing all of the Teyvat areas/Teyvat_Berry_347.json: local variable 'progress' referenced before assignment
2025-08-16 14:11:44,585 - root - ERROR - Error processing 14000+json points for clearing all of the Teyvat areas/Teyvat_Berry_348.json: local variable 'progress' referenced before assignment
2025-08-16 14:11:44,586 - root - ERROR - Error processing 14000+json points for clearing all of the Teyvat areas/Teyvat_Berry_349.json: local variable 'progress' referenced before assignment
2025-08-16 14:11:44,586 - root - ERROR - Error processing 14000+json points for clearing all of the Teyvat areas/Teyvat_Berry_35.json: local variable 'progress' referenced before assignment
2025-08-16 14:11:44,586 - root - ERROR - Error processing 14000+json points for clearing all of the Teyvat areas/Teyvat_Berry_350.json: local variable 'progress' referenced before assignment
2025-08-16 14:11:44,586 - root - ERROR - Error processing 14000+json points for clearing all of the Teyvat areas/Teyvat_Berry_351.json: local variable 'progress' referenced before assignment
2025-08-16 14:11:44,586 - root - ERROR - Error processing 14000+json points for clearing all of the Teyvat areas/Teyvat_Berry_352.json: local variable 'progress' referenced before assignment
2025-08-16 14:11:44,586 - root - ERROR - Error processing 14000+json points for clearing all of the Teyvat areas/Teyvat_Berry_353.json: local variable 'progress' referenced before assignment
2025-08-16 14:11:44,587 - root - ERROR - Error processing 14000+json points for clearing all of the Teyvat areas/Teyvat_Berry_354.json: local variable 'progress' referenced before assignment
2025-08-16 14:11:44,587 - root - ERROR - Error processing 14000+json points for clearing all of the Teyvat areas/Teyvat_Berry_355.json: local variable 'progress' referenced before assignment
2025-08-16 14:11:44,587 - root - ERROR - Error processing 14000+json points for clearing all of the Teyvat areas/Teyvat_Berry_356.json: local variable 'progress' referenced before assignment
2025-08-16 14:11:44,587 - root - ERROR - Error processing 14000+json points for clearing all of the Teyvat areas/Teyvat_Berry_357.json: local variable 'progress' referenced before assignment
2025-08-16 14:11:44,587 - root - ERROR - Error processing 14000+json points for clearing all of the Teyvat areas/Teyvat_Berry_358.json: local variable 'progress' referenced before assignment
2025-08-16 14:11:44,588 - root - ERROR - Error processing 14000+json points for clearing all of the Teyvat areas/Teyvat_Berry_359.json: local variable 'progress' referenced before assignment
2025-08-16 14:11:44,588 - root - ERROR - Error processing 14000+json points for clearing all of the Teyvat areas/Teyvat_Berry_36.json: local variable 'progress' referenced before assignment
2025-08-16 14:11:44,588 - root - ERROR - Error processing 14000+json points for clearing all of the Teyvat areas/Teyvat_Berry_360.json: local variable 'progress' referenced before assignment
2025-08-16 14:11:44,588 - root - ERROR - Error processing 14000+json points for clearing all of the Teyvat areas/Teyvat_Berry_361.json: local variable 'progress' referenced before assignment
2025-08-16 14:11:44,588 - root - ERROR - Error processing 14000+json points for clearing all of the Teyvat areas/Teyvat_Berry_362.json: local variable 'progress' referenced before assignment
2025-08-16 14:11:44,588 - root - ERROR - Error processing 14000+json points for clearing all of the Teyvat areas/Teyvat_Berry_363.json: local variable 'progress' referenced before assignment
2025-08-16 14:11:44,589 - root - ERROR - Error processing 14000+json points for clearing all of the Teyvat areas/Teyvat_Berry_364.json: local variable 'progress' referenced before assignment
2025-08-16 14:11:44,589 - root - ERROR - Error processing 14000+json points for clearing all of the Teyvat areas/Teyvat_Berry_365.json: local variable 'progress' referenced before assignment
2025-08-16 14:11:44,589 - root - ERROR - Error processing 14000+json points for clearing all of the Teyvat areas/Teyvat_Berry_366.json: local variable 'progress' referenced before assignment
2025-08-16 14:11:44,589 - root - ERROR - Error processing 14000+json points for clearing all of the Teyvat areas/Teyvat_Berry_367.json: local variable 'progress' referenced before assignment
2025-08-16 14:11:44,589 - root - ERROR - Error processing 14000+json points for clearing all of the Teyvat areas/Teyvat_Berry_368.json: local variable 'progress' referenced before assignment
2025-08-16 14:11:44,589 - root - ERROR - Error processing 14000+json points for clearing all of the Teyvat areas/Teyvat_Berry_369.json: local variable 'progress' referenced before assignment
2025-08-16 14:11:44,590 - root - ERROR - Error processing 14000+json points for clearing all of the Teyvat areas/Teyvat_Berry_37.json: local variable 'progress' referenced before assignment
2025-08-16 14:11:44,590 - root - ERROR - Error processing 14000+json points for clearing all of the Teyvat areas/Teyvat_Berry_370.json: local variable 'progress' referenced before assignment
2025-08-16 14:11:44,590 - root - ERROR - Error processing 14000+json points for clearing all of the Teyvat areas/Teyvat_Berry_371.json: local variable 'progress' referenced before assignment
2025-08-16 14:11:44,590 - root - ERROR - Error processing 14000+json points for clearing all of the Teyvat areas/Teyvat_Berry_372.json: local variable 'progress' referenced before assignment
2025-08-16 14:11:44,590 - root - ERROR - Error processing 14000+json points for clearing all of the Teyvat areas/Teyvat_Berry_373.json: local variable 'progress' referenced before assignment
2025-08-16 14:11:44,590 - root - ERROR - Error processing 14000+json points for clearing all of the Teyvat areas/Teyvat_Berry_374.json: local variable 'progress' referenced before assignment
2025-08-16 14:11:44,591 - root - ERROR - Error processing 14000+json points for clearing all of the Teyvat areas/Teyvat_Berry_375.json: local variable 'progress' referenced before assignment
2025-08-16 14:11:44,591 - root - ERROR - Error processing 14000+json points for clearing all of the Teyvat areas/Teyvat_Berry_376.json: local variable 'progress' referenced before assignment
2025-08-16 14:11:44,591 - root - ERROR - Error processing 14000+json points for clearing all of the Teyvat areas/Teyvat_Berry_377.json: local variable 'progress' referenced before assignment
2025-08-16 14:11:44,591 - root - ERROR - Error processing 14000+json points for clearing all of the Teyvat areas/Teyvat_Berry_378.json: local variable 'progress' referenced before assignment
2025-08-16 14:11:44,591 - root - ERROR - Error processing 14000+json points for clearing all of the Teyvat areas/Teyvat_Berry_379.json: local variable 'progress' referenced before assignment
2025-08-16 14:11:44,591 - root - ERROR - Error processing 14000+json points for clearing all of the Teyvat areas/Teyvat_Berry_38.json: local variable 'progress' referenced before assignment
2025-08-16 14:11:44,591 - root - ERROR - Error processing 14000+json points for clearing all of the Teyvat areas/Teyvat_Berry_380.json: local variable 'progress' referenced before assignment
2025-08-16 14:11:44,592 - root - ERROR - Error processing 14000+json points for clearing all of the Teyvat areas/Teyvat_Berry_381.json: local variable 'progress' referenced before assignment
2025-08-16 14:11:44,592 - root - ERROR - Error processing 14000+json points for clearing all of the Teyvat areas/Teyvat_Berry_382.json: local variable 'progress' referenced before assignment
2025-08-16 14:11:44,592 - root - ERROR - Error processing 14000+json points for clearing all of the Teyvat areas/Teyvat_Berry_383.json: local variable 'progress' referenced before assignment
2025-08-16 14:11:44,592 - root - ERROR - Error processing 14000+json points for clearing all of the Teyvat areas/Teyvat_Berry_384.json: local variable 'progress' referenced before assignment
2025-08-16 14:11:44,592 - root - ERROR - Error processing 14000+json points for clearing all of the Teyvat areas/Teyvat_Berry_385.json: local variable 'progress' referenced before assignment
2025-08-16 14:11:44,592 - root - ERROR - Error processing 14000+json points for clearing all of the Teyvat areas/Teyvat_Berry_386.json: local variable 'progress' referenced before assignment
2025-08-16 14:11:44,593 - root - ERROR - Error processing 14000+json points for clearing all of the Teyvat areas/Teyvat_Berry_387.json: local variable 'progress' referenced before assignment
2025-08-16 14:11:44,593 - root - ERROR - Error processing 14000+json points for clearing all of the Teyvat areas/Teyvat_Berry_388.json: local variable 'progress' referenced before assignment
2025-08-16 14:11:44,593 - root - ERROR - Error processing 14000+json points for clearing all of the Teyvat areas/Teyvat_Berry_389.json: local variable 'progress' referenced before assignment
2025-08-16 14:11:44,593 - root - ERROR - Error processing 14000+json points for clearing all of the Teyvat areas/Teyvat_Berry_39.json: local variable 'progress' referenced before assignment
2025-08-16 14:11:44,593 - root - ERROR - Error processing 14000+json points for clearing all of the Teyvat areas/Teyvat_Berry_390.json: local variable 'progress' referenced before assignment
2025-08-16 14:11:44,593 - root - ERROR - Error processing 14000+json points for clearing all of the Teyvat areas/Teyvat_Berry_391.json: local variable 'progress' referenced before assignment
2025-08-16 14:11:44,594 - root - ERROR - Error processing 14000+json points for clearing all of the Teyvat areas/Teyvat_Berry_392.json: local variable 'progress' referenced before assignment
2025-08-16 14:11:44,594 - root - ERROR - Error processing 14000+json points for clearing all of the Teyvat areas/Teyvat_Berry_393.json: local variable 'progress' referenced before assignment
2025-08-16 14:11:44,594 - root - ERROR - Error processing 14000+json points for clearing all of the Teyvat areas/Teyvat_Berry_394.json: local variable 'progress' referenced before assignment
2025-08-16 14:11:44,594 - root - ERROR - Error processing 14000+json points for clearing all of the Teyvat areas/Teyvat_Berry_395.json: local variable 'progress' referenced before assignment
2025-08-16 14:11:44,595 - root - ERROR - Error processing 14000+json points for clearing all of the Teyvat areas/Teyvat_Berry_396.json: local variable 'progress' referenced before assignment
2025-08-16 14:11:44,595 - root - ERROR - Error processing 14000+json points for clearing all of the Teyvat areas/Teyvat_Berry_397.json: local variable 'progress' referenced before assignment
2025-08-16 14:11:44,595 - root - ERROR - Error processing 14000+json points for clearing all of the Teyvat areas/Teyvat_Berry_398.json: local variable 'progress' referenced before assignment
2025-08-16 14:11:44,595 - root - ERROR - Error processing 14000+json points for clearing all of the Teyvat areas/Teyvat_Berry_399.json: local variable 'progress' referenced before assignment
2025-08-16 14:11:44,595 - root - ERROR - Error processing 14000+json points for clearing all of the Teyvat areas/Teyvat_Berry_4.json: local variable 'progress' referenced before assignment
2025-08-16 14:11:44,595 - root - ERROR - Error processing 14000+json points for clearing all of the Teyvat areas/Teyvat_Berry_40.json: local variable 'progress' referenced before assignment
2025-08-16 14:11:44,595 - root - ERROR - Error processing 14000+json points for clearing all of the Teyvat areas/Teyvat_Berry_400.json: local variable 'progress' referenced before assignment
2025-08-16 14:11:44,596 - root - ERROR - Error processing 14000+json points for clearing all of the Teyvat areas/Teyvat_Berry_401.json: local variable 'progress' referenced before assignment
2025-08-16 14:11:44,596 - root - ERROR - Error processing 14000+json points for clearing all of the Teyvat areas/Teyvat_Berry_402.json: local variable 'progress' referenced before assignment
2025-08-16 14:11:44,596 - root - ERROR - Error processing 14000+json points for clearing all of the Teyvat areas/Teyvat_Berry_403.json: local variable 'progress' referenced before assignment
2025-08-16 14:11:44,596 - root - ERROR - Error processing 14000+json points for clearing all of the Teyvat areas/Teyvat_Berry_404.json: local variable 'progress' referenced before assignment
2025-08-16 14:11:44,596 - root - ERROR - Error processing 14000+json points for clearing all of the Teyvat areas/Teyvat_Berry_405.json: local variable 'progress' referenced before assignment
2025-08-16 14:11:44,596 - root - ERROR - Error processing 14000+json points for clearing all of the Teyvat areas/Teyvat_Berry_406.json: local variable 'progress' referenced before assignment
2025-08-16 14:11:44,597 - root - ERROR - Error processing 14000+json points for clearing all of the Teyvat areas/Teyvat_Berry_407.json: local variable 'progress' referenced before assignment
2025-08-16 14:11:44,597 - root - ERROR - Error processing 14000+json points for clearing all of the Teyvat areas/Teyvat_Berry_408.json: local variable 'progress' referenced before assignment
2025-08-16 14:11:44,597 - root - ERROR - Error processing 14000+json points for clearing all of the Teyvat areas/Teyvat_Berry_409.json: local variable 'progress' referenced before assignment
2025-08-16 14:11:44,597 - root - ERROR - Error processing 14000+json points for clearing all of the Teyvat areas/Teyvat_Berry_41.json: local variable 'progress' referenced before assignment
2025-08-16 14:11:44,597 - root - ERROR - Error processing 14000+json points for clearing all of the Teyvat areas/Teyvat_Berry_410.json: local variable 'progress' referenced before assignment
2025-08-16 14:11:44,597 - root - ERROR - Error processing 14000+json points for clearing all of the Teyvat areas/Teyvat_Berry_411.json: local variable 'progress' referenced before assignment
2025-08-16 14:11:44,598 - root - ERROR - Error processing 14000+json points for clearing all of the Teyvat areas/Teyvat_Berry_412.json: local variable 'progress' referenced before assignment
2025-08-16 14:11:44,598 - root - ERROR - Error processing 14000+json points for clearing all of the Teyvat areas/Teyvat_Berry_413.json: local variable 'progress' referenced before assignment
2025-08-16 14:11:44,598 - root - ERROR - Error processing 14000+json points for clearing all of the Teyvat areas/Teyvat_Berry_414.json: local variable 'progress' referenced before assignment
2025-08-16 14:11:44,598 - root - ERROR - Error processing 14000+json points for clearing all of the Teyvat areas/Teyvat_Berry_415.json: local variable 'progress' referenced before assignment
2025-08-16 14:11:44,598 - root - ERROR - Error processing 14000+json points for clearing all of the Teyvat areas/Teyvat_Berry_416.json: local variable 'progress' referenced before assignment
2025-08-16 14:11:44,598 - root - ERROR - Error processing 14000+json points for clearing all of the Teyvat areas/Teyvat_Berry_417.json: local variable 'progress' referenced before assignment
2025-08-16 14:11:44,598 - root - ERROR - Error processing 14000+json points for clearing all of the Teyvat areas/Teyvat_Berry_418.json: local variable 'progress' referenced before assignment
2025-08-16 14:11:44,599 - root - ERROR - Error processing 14000+json points for clearing all of the Teyvat areas/Teyvat_Berry_419.json: local variable 'progress' referenced before assignment
2025-08-16 14:11:44,599 - root - ERROR - Error processing 14000+json points for clearing all of the Teyvat areas/Teyvat_Berry_42.json: local variable 'progress' referenced before assignment
2025-08-16 14:11:44,599 - root - ERROR - Error processing 14000+json points for clearing all of the Teyvat areas/Teyvat_Berry_420.json: local variable 'progress' referenced before assignment
2025-08-16 14:11:44,599 - root - ERROR - Error processing 14000+json points for clearing all of the Teyvat areas/Teyvat_Berry_421.json: local variable 'progress' referenced before assignment
2025-08-16 14:11:44,599 - root - ERROR - Error processing 14000+json points for clearing all of the Teyvat areas/Teyvat_Berry_422.json: local variable 'progress' referenced before assignment
2025-08-16 14:11:44,599 - root - ERROR - Error processing 14000+json points for clearing all of the Teyvat areas/Teyvat_Berry_423.json: local variable 'progress' referenced before assignment
2025-08-16 14:11:44,600 - root - ERROR - Error processing 14000+json points for clearing all of the Teyvat areas/Teyvat_Berry_424.json: local variable 'progress' referenced before assignment
2025-08-16 14:11:44,600 - root - ERROR - Error processing 14000+json points for clearing all of the Teyvat areas/Teyvat_Berry_425.json: local variable 'progress' referenced before assignment
2025-08-16 14:11:44,600 - root - ERROR - Error processing 14000+json points for clearing all of the Teyvat areas/Teyvat_Berry_426.json: local variable 'progress' referenced before assignment
2025-08-16 14:11:44,600 - root - ERROR - Error processing 14000+json points for clearing all of the Teyvat areas/Teyvat_Berry_427.json: local variable 'progress' referenced before assignment
2025-08-16 14:11:44,600 - root - ERROR - Error processing 14000+json points for clearing all of the Teyvat areas/Teyvat_Berry_428.json: local variable 'progress' referenced before assignment
2025-08-16 14:11:44,600 - root - ERROR - Error processing 14000+json points for clearing all of the Teyvat areas/Teyvat_Berry_429.json: local variable 'progress' referenced before assignment
2025-08-16 14:11:44,601 - root - ERROR - Error processing 14000+json points for clearing all of the Teyvat areas/Teyvat_Berry_43.json: local variable 'progress' referenced before assignment
2025-08-16 14:11:44,601 - root - ERROR - Error processing 14000+json points for clearing all of the Teyvat areas/Teyvat_Berry_430.json: local variable 'progress' referenced before assignment
2025-08-16 14:11:44,601 - root - ERROR - Error processing 14000+json points for clearing all of the Teyvat areas/Teyvat_Berry_431.json: local variable 'progress' referenced before assignment
2025-08-16 14:11:44,601 - root - ERROR - Error processing 14000+json points for clearing all of the Teyvat areas/Teyvat_Berry_432.json: local variable 'progress' referenced before assignment
2025-08-16 14:11:44,601 - root - ERROR - Error processing 14000+json points for clearing all of the Teyvat areas/Teyvat_Berry_433.json: local variable 'progress' referenced before assignment
2025-08-16 14:11:44,601 - root - ERROR - Error processing 14000+json points for clearing all of the Teyvat areas/Teyvat_Berry_434.json: local variable 'progress' referenced before assignment
2025-08-16 14:11:44,601 - root - ERROR - Error processing 14000+json points for clearing all of the Teyvat areas/Teyvat_Berry_435.json: local variable 'progress' referenced before assignment
2025-08-16 14:11:44,602 - root - ERROR - Error processing 14000+json points for clearing all of the Teyvat areas/Teyvat_Berry_436.json: local variable 'progress' referenced before assignment
2025-08-16 14:11:44,602 - root - ERROR - Error processing 14000+json points for clearing all of the Teyvat areas/Teyvat_Berry_437.json: local variable 'progress' referenced before assignment
2025-08-16 14:11:44,602 - root - ERROR - Error processing 14000+json points for clearing all of the Teyvat areas/Teyvat_Berry_438.json: local variable 'progress' referenced before assignment
2025-08-16 14:11:44,602 - root - ERROR - Error processing 14000+json points for clearing all of the Teyvat areas/Teyvat_Berry_439.json: local variable 'progress' referenced before assignment
2025-08-16 14:11:44,602 - root - ERROR - Error processing 14000+json points for clearing all of the Teyvat areas/Teyvat_Berry_44.json: local variable 'progress' referenced before assignment
2025-08-16 14:11:44,602 - root - ERROR - Error processing 14000+json points for clearing all of the Teyvat areas/Teyvat_Berry_440.json: local variable 'progress' referenced before assignment
2025-08-16 14:11:44,603 - root - ERROR - Error processing 14000+json points for clearing all of the Teyvat areas/Teyvat_Berry_441.json: local variable 'progress' referenced before assignment
2025-08-16 14:11:44,603 - root - ERROR - Error processing 14000+json points for clearing all of the Teyvat areas/Teyvat_Berry_442.json: local variable 'progress' referenced before assignment
2025-08-16 14:11:44,603 - root - ERROR - Error processing 14000+json points for clearing all of the Teyvat areas/Teyvat_Berry_443.json: local variable 'progress' referenced before assignment
2025-08-16 14:11:44,603 - root - ERROR - Error processing 14000+json points for clearing all of the Teyvat areas/Teyvat_Berry_444.json: local variable 'progress' referenced before assignment
2025-08-16 14:11:44,603 - root - ERROR - Error processing 14000+json points for clearing all of the Teyvat areas/Teyvat_Berry_445.json: local variable 'progress' referenced before assignment
2025-08-16 14:11:44,603 - root - ERROR - Error processing 14000+json points for clearing all of the Teyvat areas/Teyvat_Berry_446.json: local variable 'progress' referenced before assignment
2025-08-16 14:11:44,604 - root - ERROR - Error processing 14000+json points for clearing all of the Teyvat areas/Teyvat_Berry_447.json: local variable 'progress' referenced before assignment
2025-08-16 14:11:44,604 - root - ERROR - Error processing 14000+json points for clearing all of the Teyvat areas/Teyvat_Berry_448.json: local variable 'progress' referenced before assignment
2025-08-16 14:11:44,604 - root - ERROR - Error processing 14000+json points for clearing all of the Teyvat areas/Teyvat_Berry_449.json: local variable 'progress' referenced before assignment
2025-08-16 14:11:44,604 - root - ERROR - Error processing 14000+json points for clearing all of the Teyvat areas/Teyvat_Berry_45.json: local variable 'progress' referenced before assignment
2025-08-16 14:11:44,604 - root - ERROR - Error processing 14000+json points for clearing all of the Teyvat areas/Teyvat_Berry_450.json: local variable 'progress' referenced before assignment
2025-08-16 14:11:44,604 - root - ERROR - Error processing 14000+json points for clearing all of the Teyvat areas/Teyvat_Berry_451.json: local variable 'progress' referenced before assignment
2025-08-16 14:11:44,604 - root - ERROR - Error processing 14000+json points for clearing all of the Teyvat areas/Teyvat_Berry_452.json: local variable 'progress' referenced before assignment
2025-08-16 14:11:44,605 - root - ERROR - Error processing 14000+json points for clearing all of the Teyvat areas/Teyvat_Berry_453.json: local variable 'progress' referenced before assignment
2025-08-16 14:11:44,605 - root - ERROR - Error processing 14000+json points for clearing all of the Teyvat areas/Teyvat_Berry_454.json: local variable 'progress' referenced before assignment
2025-08-16 14:11:44,605 - root - ERROR - Error processing 14000+json points for clearing all of the Teyvat areas/Teyvat_Berry_455.json: local variable 'progress' referenced before assignment
2025-08-16 14:11:44,605 - root - ERROR - Error processing 14000+json points for clearing all of the Teyvat areas/Teyvat_Berry_456.json: local variable 'progress' referenced before assignment
2025-08-16 14:11:44,605 - root - ERROR - Error processing 14000+json points for clearing all of the Teyvat areas/Teyvat_Berry_457.json: local variable 'progress' referenced before assignment
2025-08-16 14:11:44,606 - root - ERROR - Error processing 14000+json points for clearing all of the Teyvat areas/Teyvat_Berry_458.json: local variable 'progress' referenced before assignment
2025-08-16 14:11:44,606 - root - ERROR - Error processing 14000+json points for clearing all of the Teyvat areas/Teyvat_Berry_459.json: local variable 'progress' referenced before assignment
2025-08-16 14:11:44,606 - root - ERROR - Error processing 14000+json points for clearing all of the Teyvat areas/Teyvat_Berry_46.json: local variable 'progress' referenced before assignment
2025-08-16 14:11:44,606 - root - ERROR - Error processing 14000+json points for clearing all of the Teyvat areas/Teyvat_Berry_460.json: local variable 'progress' referenced before assignment
2025-08-16 14:11:44,606 - root - ERROR - Error processing 14000+json points for clearing all of the Teyvat areas/Teyvat_Berry_461.json: local variable 'progress' referenced before assignment
2025-08-16 14:11:44,606 - root - ERROR - Error processing 14000+json points for clearing all of the Teyvat areas/Teyvat_Berry_462.json: local variable 'progress' referenced before assignment
2025-08-16 14:11:44,607 - root - ERROR - Error processing 14000+json points for clearing all of the Teyvat areas/Teyvat_Berry_463.json: local variable 'progress' referenced before assignment
2025-08-16 14:11:44,607 - root - ERROR - Error processing 14000+json points for clearing all of the Teyvat areas/Teyvat_Berry_464.json: local variable 'progress' referenced before assignment
2025-08-16 14:11:44,607 - root - ERROR - Error processing 14000+json points for clearing all of the Teyvat areas/Teyvat_Berry_465.json: local variable 'progress' referenced before assignment
2025-08-16 14:11:44,607 - root - ERROR - Error processing 14000+json points for clearing all of the Teyvat areas/Teyvat_Berry_466.json: local variable 'progress' referenced before assignment
2025-08-16 14:11:44,607 - root - ERROR - Error processing 14000+json points for clearing all of the Teyvat areas/Teyvat_Berry_467.json: local variable 'progress' referenced before assignment
2025-08-16 14:11:44,607 - root - ERROR - Error processing 14000+json points for clearing all of the Teyvat areas/Teyvat_Berry_468.json: local variable 'progress' referenced before assignment
2025-08-16 14:11:44,608 - root - ERROR - Error processing 14000+json points for clearing all of the Teyvat areas/Teyvat_Berry_469.json: local variable 'progress' referenced before assignment
2025-08-16 14:11:44,608 - root - ERROR - Error processing 14000+json points for clearing all of the Teyvat areas/Teyvat_Berry_47.json: local variable 'progress' referenced before assignment
2025-08-16 14:11:44,608 - root - ERROR - Error processing 14000+json points for clearing all of the Teyvat areas/Teyvat_Berry_470.json: local variable 'progress' referenced before assignment
2025-08-16 14:11:44,608 - root - ERROR - Error processing 14000+json points for clearing all of the Teyvat areas/Teyvat_Berry_471.json: local variable 'progress' referenced before assignment
2025-08-16 14:11:44,608 - root - ERROR - Error processing 14000+json points for clearing all of the Teyvat areas/Teyvat_Berry_472.json: local variable 'progress' referenced before assignment
2025-08-16 14:11:44,608 - root - ERROR - Error processing 14000+json points for clearing all of the Teyvat areas/Teyvat_Berry_473.json: local variable 'progress' referenced before assignment
2025-08-16 14:11:44,609 - root - ERROR - Error processing 14000+json points for clearing all of the Teyvat areas/Teyvat_Berry_474.json: local variable 'progress' referenced before assignment
2025-08-16 14:11:44,609 - root - ERROR - Error processing 14000+json points for clearing all of the Teyvat areas/Teyvat_Berry_475.json: local variable 'progress' referenced before assignment
2025-08-16 14:11:44,609 - root - ERROR - Error processing 14000+json points for clearing all of the Teyvat areas/Teyvat_Berry_476.json: local variable 'progress' referenced before assignment
2025-08-16 14:11:44,609 - root - ERROR - Error processing 14000+json points for clearing all of the Teyvat areas/Teyvat_Berry_477.json: local variable 'progress' referenced before assignment
2025-08-16 14:11:44,609 - root - ERROR - Error processing 14000+json points for clearing all of the Teyvat areas/Teyvat_Berry_478.json: local variable 'progress' referenced before assignment
2025-08-16 14:11:44,609 - root - ERROR - Error processing 14000+json points for clearing all of the Teyvat areas/Teyvat_Berry_479.json: local variable 'progress' referenced before assignment
2025-08-16 14:11:44,609 - root - ERROR - Error processing 14000+json points for clearing all of the Teyvat areas/Teyvat_Berry_48.json: local variable 'progress' referenced before assignment
2025-08-16 14:11:44,610 - root - ERROR - Error processing 14000+json points for clearing all of the Teyvat areas/Teyvat_Berry_480.json: local variable 'progress' referenced before assignment
2025-08-16 14:11:44,610 - root - ERROR - Error processing 14000+json points for clearing all of the Teyvat areas/Teyvat_Berry_481.json: local variable 'progress' referenced before assignment
2025-08-16 14:11:44,610 - root - ERROR - Error processing 14000+json points for clearing all of the Teyvat areas/Teyvat_Berry_482.json: local variable 'progress' referenced before assignment
2025-08-16 14:11:44,610 - root - ERROR - Error processing 14000+json points for clearing all of the Teyvat areas/Teyvat_Berry_483.json: local variable 'progress' referenced before assignment
2025-08-16 14:11:44,610 - root - ERROR - Error processing 14000+json points for clearing all of the Teyvat areas/Teyvat_Berry_484.json: local variable 'progress' referenced before assignment
2025-08-16 14:11:44,610 - root - ERROR - Error processing 14000+json points for clearing all of the Teyvat areas/Teyvat_Berry_485.json: local variable 'progress' referenced before assignment
2025-08-16 14:11:44,611 - root - ERROR - Error processing 14000+json points for clearing all of the Teyvat areas/Teyvat_Berry_486.json: local variable 'progress' referenced before assignment
2025-08-16 14:11:44,611 - root - ERROR - Error processing 14000+json points for clearing all of the Teyvat areas/Teyvat_Berry_487.json: local variable 'progress' referenced before assignment
2025-08-16 14:11:44,611 - root - ERROR - Error processing 14000+json points for clearing all of the Teyvat areas/Teyvat_Berry_488.json: local variable 'progress' referenced before assignment
2025-08-16 14:11:44,611 - root - ERROR - Error processing 14000+json points for clearing all of the Teyvat areas/Teyvat_Berry_489.json: local variable 'progress' referenced before assignment
2025-08-16 14:11:44,611 - root - ERROR - Error processing 14000+json points for clearing all of the Teyvat areas/Teyvat_Berry_49.json: local variable 'progress' referenced before assignment
2025-08-16 14:11:44,611 - root - ERROR - Error processing 14000+json points for clearing all of the Teyvat areas/Teyvat_Berry_490.json: local variable 'progress' referenced before assignment
2025-08-16 14:11:44,612 - root - ERROR - Error processing 14000+json points for clearing all of the Teyvat areas/Teyvat_Berry_491.json: local variable 'progress' referenced before assignment
2025-08-16 14:11:44,612 - root - ERROR - Error processing 14000+json points for clearing all of the Teyvat areas/Teyvat_Berry_492.json: local variable 'progress' referenced before assignment
2025-08-16 14:11:44,612 - root - ERROR - Error processing 14000+json points for clearing all of the Teyvat areas/Teyvat_Berry_493.json: local variable 'progress' referenced before assignment
2025-08-16 14:11:44,612 - root - ERROR - Error processing 14000+json points for clearing all of the Teyvat areas/Teyvat_Berry_494.json: local variable 'progress' referenced before assignment
2025-08-16 14:11:44,612 - root - ERROR - Error processing 14000+json points for clearing all of the Teyvat areas/Teyvat_Berry_495.json: local variable 'progress' referenced before assignment
2025-08-16 14:11:44,612 - root - ERROR - Error processing 14000+json points for clearing all of the Teyvat areas/Teyvat_Berry_496.json: local variable 'progress' referenced before assignment
2025-08-16 14:11:44,612 - root - ERROR - Error processing 14000+json points for clearing all of the Teyvat areas/Teyvat_Berry_497.json: local variable 'progress' referenced before assignment
2025-08-16 14:11:44,613 - root - ERROR - Error processing 14000+json points for clearing all of the Teyvat areas/Teyvat_Berry_498.json: local variable 'progress' referenced before assignment
2025-08-16 14:11:44,613 - root - ERROR - Error processing 14000+json points for clearing all of the Teyvat areas/Teyvat_Berry_499.json: local variable 'progress' referenced before assignment
2025-08-16 14:11:44,613 - root - ERROR - Error processing 14000+json points for clearing all of the Teyvat areas/Teyvat_Berry_5.json: local variable 'progress' referenced before assignment
2025-08-16 14:11:44,613 - root - ERROR - Error processing 14000+json points for clearing all of the Teyvat areas/Teyvat_Berry_50.json: local variable 'progress' referenced before assignment
2025-08-16 14:11:44,613 - root - ERROR - Error processing 14000+json points for clearing all of the Teyvat areas/Teyvat_Berry_500.json: local variable 'progress' referenced before assignment
2025-08-16 14:11:44,613 - root - ERROR - Error processing 14000+json points for clearing all of the Teyvat areas/Teyvat_Berry_501.json: local variable 'progress' referenced before assignment
2025-08-16 14:11:44,614 - root - ERROR - Error processing 14000+json points for clearing all of the Teyvat areas/Teyvat_Berry_502.json: local variable 'progress' referenced before assignment
2025-08-16 14:11:44,614 - root - ERROR - Error processing 14000+json points for clearing all of the Teyvat areas/Teyvat_Berry_503.json: local variable 'progress' referenced before assignment
2025-08-16 14:11:44,614 - root - ERROR - Error processing 14000+json points for clearing all of the Teyvat areas/Teyvat_Berry_504.json: local variable 'progress' referenced before assignment
2025-08-16 14:11:44,614 - root - ERROR - Error processing 14000+json points for clearing all of the Teyvat areas/Teyvat_Berry_505.json: local variable 'progress' referenced before assignment
2025-08-16 14:11:44,614 - root - ERROR - Error processing 14000+json points for clearing all of the Teyvat areas/Teyvat_Berry_506.json: local variable 'progress' referenced before assignment
2025-08-16 14:11:44,614 - root - ERROR - Error processing 14000+json points for clearing all of the Teyvat areas/Teyvat_Berry_507.json: local variable 'progress' referenced before assignment
2025-08-16 14:11:44,615 - root - ERROR - Error processing 14000+json points for clearing all of the Teyvat areas/Teyvat_Berry_508.json: local variable 'progress' referenced before assignment
2025-08-16 14:11:44,615 - root - ERROR - Error processing 14000+json points for clearing all of the Teyvat areas/Teyvat_Berry_509.json: local variable 'progress' referenced before assignment
2025-08-16 14:11:44,615 - root - ERROR - Error processing 14000+json points for clearing all of the Teyvat areas/Teyvat_Berry_51.json: local variable 'progress' referenced before assignment
2025-08-16 14:11:44,615 - root - ERROR - Error processing 14000+json points for clearing all of the Teyvat areas/Teyvat_Berry_510.json: local variable 'progress' referenced before assignment
2025-08-16 14:11:44,615 - root - ERROR - Error processing 14000+json points for clearing all of the Teyvat areas/Teyvat_Berry_511.json: local variable 'progress' referenced before assignment
2025-08-16 14:11:44,615 - root - ERROR - Error processing 14000+json points for clearing all of the Teyvat areas/Teyvat_Berry_512.json: local variable 'progress' referenced before assignment
2025-08-16 14:11:44,616 - root - ERROR - Error processing 14000+json points for clearing all of the Teyvat areas/Teyvat_Berry_513.json: local variable 'progress' referenced before assignment
2025-08-16 14:11:44,616 - root - ERROR - Error processing 14000+json points for clearing all of the Teyvat areas/Teyvat_Berry_514.json: local variable 'progress' referenced before assignment
2025-08-16 14:11:44,616 - root - ERROR - Error processing 14000+json points for clearing all of the Teyvat areas/Teyvat_Berry_515.json: local variable 'progress' referenced before assignment
2025-08-16 14:11:44,616 - root - ERROR - Error processing 14000+json points for clearing all of the Teyvat areas/Teyvat_Berry_516.json: local variable 'progress' referenced before assignment
2025-08-16 14:11:44,616 - root - ERROR - Error processing 14000+json points for clearing all of the Teyvat areas/Teyvat_Berry_517.json: local variable 'progress' referenced before assignment
2025-08-16 14:11:44,616 - root - ERROR - Error processing 14000+json points for clearing all of the Teyvat areas/Teyvat_Berry_518.json: local variable 'progress' referenced before assignment
2025-08-16 14:11:44,616 - root - ERROR - Error processing 14000+json points for clearing all of the Teyvat areas/Teyvat_Berry_519.json: local variable 'progress' referenced before assignment
2025-08-16 14:11:44,617 - root - ERROR - Error processing 14000+json points for clearing all of the Teyvat areas/Teyvat_Berry_52.json: local variable 'progress' referenced before assignment
2025-08-16 14:11:44,617 - root - ERROR - Error processing 14000+json points for clearing all of the Teyvat areas/Teyvat_Berry_520.json: local variable 'progress' referenced before assignment
2025-08-16 14:11:44,617 - root - ERROR - Error processing 14000+json points for clearing all of the Teyvat areas/Teyvat_Berry_521.json: local variable 'progress' referenced before assignment
2025-08-16 14:11:44,617 - root - ERROR - Error processing 14000+json points for clearing all of the Teyvat areas/Teyvat_Berry_522.json: local variable 'progress' referenced before assignment
2025-08-16 14:11:44,617 - root - ERROR - Error processing 14000+json points for clearing all of the Teyvat areas/Teyvat_Berry_523.json: local variable 'progress' referenced before assignment
2025-08-16 14:11:44,617 - root - ERROR - Error processing 14000+json points for clearing all of the Teyvat areas/Teyvat_Berry_524.json: local variable 'progress' referenced before assignment
2025-08-16 14:11:44,618 - root - ERROR - Error processing 14000+json points for clearing all of the Teyvat areas/Teyvat_Berry_525.json: local variable 'progress' referenced before assignment
2025-08-16 14:11:44,618 - root - ERROR - Error processing 14000+json points for clearing all of the Teyvat areas/Teyvat_Berry_526.json: local variable 'progress' referenced before assignment
2025-08-16 14:11:44,618 - root - ERROR - Error processing 14000+json points for clearing all of the Teyvat areas/Teyvat_Berry_527.json: local variable 'progress' referenced before assignment
2025-08-16 14:11:44,618 - root - ERROR - Error processing 14000+json points for clearing all of the Teyvat areas/Teyvat_Berry_528.json: local variable 'progress' referenced before assignment
2025-08-16 14:11:44,618 - root - ERROR - Error processing 14000+json points for clearing all of the Teyvat areas/Teyvat_Berry_529.json: local variable 'progress' referenced before assignment
2025-08-16 14:11:44,618 - root - ERROR - Error processing 14000+json points for clearing all of the Teyvat areas/Teyvat_Berry_53.json: local variable 'progress' referenced before assignment
2025-08-16 14:11:44,619 - root - ERROR - Error processing 14000+json points for clearing all of the Teyvat areas/Teyvat_Berry_530.json: local variable 'progress' referenced before assignment
2025-08-16 14:11:44,619 - root - ERROR - Error processing 14000+json points for clearing all of the Teyvat areas/Teyvat_Berry_531.json: local variable 'progress' referenced before assignment
2025-08-16 14:11:44,619 - root - ERROR - Error processing 14000+json points for clearing all of the Teyvat areas/Teyvat_Berry_532.json: local variable 'progress' referenced before assignment
2025-08-16 14:11:44,619 - root - ERROR - Error processing 14000+json points for clearing all of the Teyvat areas/Teyvat_Berry_533.json: local variable 'progress' referenced before assignment
2025-08-16 14:11:44,619 - root - ERROR - Error processing 14000+json points for clearing all of the Teyvat areas/Teyvat_Berry_534.json: local variable 'progress' referenced before assignment
2025-08-16 14:11:44,619 - root - ERROR - Error processing 14000+json points for clearing all of the Teyvat areas/Teyvat_Berry_535.json: local variable 'progress' referenced before assignment
2025-08-16 14:11:44,620 - root - ERROR - Error processing 14000+json points for clearing all of the Teyvat areas/Teyvat_Berry_536.json: local variable 'progress' referenced before assignment
2025-08-16 14:11:44,620 - root - ERROR - Error processing 14000+json points for clearing all of the Teyvat areas/Teyvat_Berry_537.json: local variable 'progress' referenced before assignment
2025-08-16 14:11:44,620 - root - ERROR - Error processing 14000+json points for clearing all of the Teyvat areas/Teyvat_Berry_538.json: local variable 'progress' referenced before assignment
2025-08-16 14:11:44,620 - root - ERROR - Error processing 14000+json points for clearing all of the Teyvat areas/Teyvat_Berry_539.json: local variable 'progress' referenced before assignment
2025-08-16 14:11:44,620 - root - ERROR - Error processing 14000+json points for clearing all of the Teyvat areas/Teyvat_Berry_54.json: local variable 'progress' referenced before assignment
2025-08-16 14:11:44,620 - root - ERROR - Error processing 14000+json points for clearing all of the Teyvat areas/Teyvat_Berry_540.json: local variable 'progress' referenced before assignment
2025-08-16 14:11:44,621 - root - ERROR - Error processing 14000+json points for clearing all of the Teyvat areas/Teyvat_Berry_541.json: local variable 'progress' referenced before assignment
2025-08-16 14:11:44,621 - root - ERROR - Error processing 14000+json points for clearing all of the Teyvat areas/Teyvat_Berry_542.json: local variable 'progress' referenced before assignment
2025-08-16 14:11:44,621 - root - ERROR - Error processing 14000+json points for clearing all of the Teyvat areas/Teyvat_Berry_543.json: local variable 'progress' referenced before assignment
2025-08-16 14:11:44,621 - root - ERROR - Error processing 14000+json points for clearing all of the Teyvat areas/Teyvat_Berry_544.json: local variable 'progress' referenced before assignment
2025-08-16 14:11:44,621 - root - ERROR - Error processing 14000+json points for clearing all of the Teyvat areas/Teyvat_Berry_545.json: local variable 'progress' referenced before assignment
2025-08-16 14:11:44,621 - root - ERROR - Error processing 14000+json points for clearing all of the Teyvat areas/Teyvat_Berry_546.json: local variable 'progress' referenced before assignment
2025-08-16 14:11:44,621 - root - ERROR - Error processing 14000+json points for clearing all of the Teyvat areas/Teyvat_Berry_547.json: local variable 'progress' referenced before assignment
2025-08-16 14:11:44,622 - root - ERROR - Error processing 14000+json points for clearing all of the Teyvat areas/Teyvat_Berry_548.json: local variable 'progress' referenced before assignment
2025-08-16 14:11:44,622 - root - ERROR - Error processing 14000+json points for clearing all of the Teyvat areas/Teyvat_Berry_549.json: local variable 'progress' referenced before assignment
2025-08-16 14:11:44,622 - root - ERROR - Error processing 14000+json points for clearing all of the Teyvat areas/Teyvat_Berry_55.json: local variable 'progress' referenced before assignment
2025-08-16 14:11:44,622 - root - ERROR - Error processing 14000+json points for clearing all of the Teyvat areas/Teyvat_Berry_550.json: local variable 'progress' referenced before assignment
2025-08-16 14:11:44,622 - root - ERROR - Error processing 14000+json points for clearing all of the Teyvat areas/Teyvat_Berry_551.json: local variable 'progress' referenced before assignment
2025-08-16 14:11:44,622 - root - ERROR - Error processing 14000+json points for clearing all of the Teyvat areas/Teyvat_Berry_552.json: local variable 'progress' referenced before assignment
2025-08-16 14:11:44,623 - root - ERROR - Error processing 14000+json points for clearing all of the Teyvat areas/Teyvat_Berry_553.json: local variable 'progress' referenced before assignment
2025-08-16 14:11:44,623 - root - ERROR - Error processing 14000+json points for clearing all of the Teyvat areas/Teyvat_Berry_554.json: local variable 'progress' referenced before assignment
2025-08-16 14:11:44,623 - root - ERROR - Error processing 14000+json points for clearing all of the Teyvat areas/Teyvat_Berry_555.json: local variable 'progress' referenced before assignment
2025-08-16 14:11:44,623 - root - ERROR - Error processing 14000+json points for clearing all of the Teyvat areas/Teyvat_Berry_556.json: local variable 'progress' referenced before assignment
2025-08-16 14:11:44,623 - root - ERROR - Error processing 14000+json points for clearing all of the Teyvat areas/Teyvat_Berry_557.json: local variable 'progress' referenced before assignment
2025-08-16 14:11:44,623 - root - ERROR - Error processing 14000+json points for clearing all of the Teyvat areas/Teyvat_Berry_558.json: local variable 'progress' referenced before assignment
2025-08-16 14:11:44,624 - root - ERROR - Error processing 14000+json points for clearing all of the Teyvat areas/Teyvat_Berry_559.json: local variable 'progress' referenced before assignment
2025-08-16 14:11:44,624 - root - ERROR - Error processing 14000+json points for clearing all of the Teyvat areas/Teyvat_Berry_56.json: local variable 'progress' referenced before assignment
2025-08-16 14:11:44,624 - root - ERROR - Error processing 14000+json points for clearing all of the Teyvat areas/Teyvat_Berry_560.json: local variable 'progress' referenced before assignment
2025-08-16 14:11:44,624 - root - ERROR - Error processing 14000+json points for clearing all of the Teyvat areas/Teyvat_Berry_561.json: local variable 'progress' referenced before assignment
2025-08-16 14:11:44,624 - root - ERROR - Error processing 14000+json points for clearing all of the Teyvat areas/Teyvat_Berry_562.json: local variable 'progress' referenced before assignment
2025-08-16 14:11:44,624 - root - ERROR - Error processing 14000+json points for clearing all of the Teyvat areas/Teyvat_Berry_563.json: local variable 'progress' referenced before assignment
2025-08-16 14:11:44,625 - root - ERROR - Error processing 14000+json points for clearing all of the Teyvat areas/Teyvat_Berry_57.json: local variable 'progress' referenced before assignment
2025-08-16 14:11:44,625 - root - ERROR - Error processing 14000+json points for clearing all of the Teyvat areas/Teyvat_Berry_58.json: local variable 'progress' referenced before assignment
2025-08-16 14:11:44,625 - root - ERROR - Error processing 14000+json points for clearing all of the Teyvat areas/Teyvat_Berry_59.json: local variable 'progress' referenced before assignment
2025-08-16 14:11:44,625 - root - ERROR - Error processing 14000+json points for clearing all of the Teyvat areas/Teyvat_Berry_6.json: local variable 'progress' referenced before assignment
2025-08-16 14:11:44,625 - root - ERROR - Error processing 14000+json points for clearing all of the Teyvat areas/Teyvat_Berry_60.json: local variable 'progress' referenced before assignment
2025-08-16 14:11:44,625 - root - ERROR - Error processing 14000+json points for clearing all of the Teyvat areas/Teyvat_Berry_61.json: local variable 'progress' referenced before assignment
2025-08-16 14:11:44,626 - root - ERROR - Error processing 14000+json points for clearing all of the Teyvat areas/Teyvat_Berry_62.json: local variable 'progress' referenced before assignment
2025-08-16 14:11:44,626 - root - ERROR - Error processing 14000+json points for clearing all of the Teyvat areas/Teyvat_Berry_63.json: local variable 'progress' referenced before assignment
2025-08-16 14:11:44,626 - root - ERROR - Error processing 14000+json points for clearing all of the Teyvat areas/Teyvat_Berry_64.json: local variable 'progress' referenced before assignment
2025-08-16 14:11:44,626 - root - ERROR - Error processing 14000+json points for clearing all of the Teyvat areas/Teyvat_Berry_65.json: local variable 'progress' referenced before assignment
2025-08-16 14:11:44,626 - root - ERROR - Error processing 14000+json points for clearing all of the Teyvat areas/Teyvat_Berry_66.json: local variable 'progress' referenced before assignment
2025-08-16 14:11:44,626 - root - ERROR - Error processing 14000+json points for clearing all of the Teyvat areas/Teyvat_Berry_67.json: local variable 'progress' referenced before assignment
2025-08-16 14:11:44,626 - root - ERROR - Error processing 14000+json points for clearing all of the Teyvat areas/Teyvat_Berry_68.json: local variable 'progress' referenced before assignment
2025-08-16 14:11:44,627 - root - ERROR - Error processing 14000+json points for clearing all of the Teyvat areas/Teyvat_Berry_69.json: local variable 'progress' referenced before assignment
2025-08-16 14:11:44,627 - root - ERROR - Error processing 14000+json points for clearing all of the Teyvat areas/Teyvat_Berry_7.json: local variable 'progress' referenced before assignment
2025-08-16 14:11:44,627 - root - ERROR - Error processing 14000+json points for clearing all of the Teyvat areas/Teyvat_Berry_70.json: local variable 'progress' referenced before assignment
2025-08-16 14:11:44,627 - root - ERROR - Error processing 14000+json points for clearing all of the Teyvat areas/Teyvat_Berry_71.json: local variable 'progress' referenced before assignment
2025-08-16 14:11:44,627 - root - ERROR - Error processing 14000+json points for clearing all of the Teyvat areas/Teyvat_Berry_72.json: local variable 'progress' referenced before assignment
2025-08-16 14:11:44,627 - root - ERROR - Error processing 14000+json points for clearing all of the Teyvat areas/Teyvat_Berry_73.json: local variable 'progress' referenced before assignment
2025-08-16 14:11:44,628 - root - ERROR - Error processing 14000+json points for clearing all of the Teyvat areas/Teyvat_Berry_74.json: local variable 'progress' referenced before assignment
2025-08-16 14:11:44,628 - root - ERROR - Error processing 14000+json points for clearing all of the Teyvat areas/Teyvat_Berry_75.json: local variable 'progress' referenced before assignment
2025-08-16 14:11:44,628 - root - ERROR - Error processing 14000+json points for clearing all of the Teyvat areas/Teyvat_Berry_76.json: local variable 'progress' referenced before assignment
2025-08-16 14:11:44,628 - root - ERROR - Error processing 14000+json points for clearing all of the Teyvat areas/Teyvat_Berry_77.json: local variable 'progress' referenced before assignment
2025-08-16 14:11:44,628 - root - ERROR - Error processing 14000+json points for clearing all of the Teyvat areas/Teyvat_Berry_78.json: local variable 'progress' referenced before assignment
2025-08-16 14:11:44,628 - root - ERROR - Error processing 14000+json points for clearing all of the Teyvat areas/Teyvat_Berry_79.json: local variable 'progress' referenced before assignment
2025-08-16 14:11:44,629 - root - ERROR - Error processing 14000+json points for clearing all of the Teyvat areas/Teyvat_Berry_8.json: local variable 'progress' referenced before assignment
2025-08-16 14:11:44,629 - root - ERROR - Error processing 14000+json points for clearing all of the Teyvat areas/Teyvat_Berry_80.json: local variable 'progress' referenced before assignment
2025-08-16 14:11:44,629 - root - ERROR - Error processing 14000+json points for clearing all of the Teyvat areas/Teyvat_Berry_81.json: local variable 'progress' referenced before assignment
2025-08-16 14:11:44,629 - root - ERROR - Error processing 14000+json points for clearing all of the Teyvat areas/Teyvat_Berry_82.json: local variable 'progress' referenced before assignment
2025-08-16 14:11:44,629 - root - ERROR - Error processing 14000+json points for clearing all of the Teyvat areas/Teyvat_Berry_83.json: local variable 'progress' referenced before assignment
2025-08-16 14:11:44,629 - root - ERROR - Error processing 14000+json points for clearing all of the Teyvat areas/Teyvat_Berry_84.json: local variable 'progress' referenced before assignment
2025-08-16 14:11:44,629 - root - ERROR - Error processing 14000+json points for clearing all of the Teyvat areas/Teyvat_Berry_85.json: local variable 'progress' referenced before assignment
2025-08-16 14:11:44,630 - root - ERROR - Error processing 14000+json points for clearing all of the Teyvat areas/Teyvat_Berry_86.json: local variable 'progress' referenced before assignment
2025-08-16 14:11:44,630 - root - ERROR - Error processing 14000+json points for clearing all of the Teyvat areas/Teyvat_Berry_87.json: local variable 'progress' referenced before assignment
2025-08-16 14:11:44,630 - root - ERROR - Error processing 14000+json points for clearing all of the Teyvat areas/Teyvat_Berry_88.json: local variable 'progress' referenced before assignment
2025-08-16 14:11:44,630 - root - ERROR - Error processing 14000+json points for clearing all of the Teyvat areas/Teyvat_Berry_89.json: local variable 'progress' referenced before assignment
2025-08-16 14:11:44,630 - root - ERROR - Error processing 14000+json points for clearing all of the Teyvat areas/Teyvat_Berry_9.json: local variable 'progress' referenced before assignment
2025-08-16 14:11:44,630 - root - ERROR - Error processing 14000+json points for clearing all of the Teyvat areas/Teyvat_Berry_90.json: local variable 'progress' referenced before assignment
2025-08-16 14:11:44,631 - root - ERROR - Error processing 14000+json points for clearing all of the Teyvat areas/Teyvat_Berry_91.json: local variable 'progress' referenced before assignment
2025-08-16 14:11:44,631 - root - ERROR - Error processing 14000+json points for clearing all of the Teyvat areas/Teyvat_Berry_92.json: local variable 'progress' referenced before assignment
2025-08-16 14:11:44,631 - root - ERROR - Error processing 14000+json points for clearing all of the Teyvat areas/Teyvat_Berry_93.json: local variable 'progress' referenced before assignment
2025-08-16 14:11:44,631 - root - ERROR - Error processing 14000+json points for clearing all of the Teyvat areas/Teyvat_Berry_94.json: local variable 'progress' referenced before assignment
2025-08-16 14:11:44,631 - root - ERROR - Error processing 14000+json points for clearing all of the Teyvat areas/Teyvat_Berry_95.json: local variable 'progress' referenced before assignment
2025-08-16 14:11:44,631 - root - ERROR - Error processing 14000+json points for clearing all of the Teyvat areas/Teyvat_Berry_96.json: local variable 'progress' referenced before assignment
2025-08-16 14:11:44,631 - root - ERROR - Error processing 14000+json points for clearing all of the Teyvat areas/Teyvat_Berry_97.json: local variable 'progress' referenced before assignment
2025-08-16 14:11:44,632 - root - ERROR - Error processing 14000+json points for clearing all of the Teyvat areas/Teyvat_Berry_98.json: local variable 'progress' referenced before assignment
2025-08-16 14:11:44,632 - root - ERROR - Error processing 14000+json points for clearing all of the Teyvat areas/Teyvat_Berry_99.json: local variable 'progress' referenced before assignment
2025-08-16 14:11:44,632 - root - ERROR - Error processing 14000+json points for clearing all of the Teyvat areas/Teyvat_BirdEgg_1.json: local variable 'progress' referenced before assignment
2025-08-16 14:11:44,632 - root - ERROR - Error processing 14000+json points for clearing all of the Teyvat areas/Teyvat_BirdEgg_10.json: local variable 'progress' referenced before assignment
2025-08-16 14:11:44,632 - root - ERROR - Error processing 14000+json points for clearing all of the Teyvat areas/Teyvat_BirdEgg_100.json: local variable 'progress' referenced before assignment
2025-08-16 14:11:44,632 - root - ERROR - Error processing 14000+json points for clearing all of the Teyvat areas/Teyvat_BirdEgg_101.json: local variable 'progress' referenced before assignment
2025-08-16 14:11:44,633 - root - ERROR - Error processing 14000+json points for clearing all of the Teyvat areas/Teyvat_BirdEgg_102.json: local variable 'progress' referenced before assignment
2025-08-16 14:11:44,633 - root - INFO - 📊 Progress: 1000/115085 (0.9%) - Changed: 0 - Time: 0.2s
2025-08-16 14:11:44,769 - root - INFO - 📊 Progress: 2000/115085 (1.7%) - Changed: 0 - Time: 0.3s
2025-08-16 14:11:44,909 - root - INFO - 📊 Progress: 3000/115085 (2.6%) - Changed: 0 - Time: 0.4s
2025-08-16 14:11:45,049 - root - INFO - 📊 Progress: 4000/115085 (3.5%) - Changed: 0 - Time: 0.6s
2025-08-16 14:11:45,187 - root - INFO - 📊 Progress: 5000/115085 (4.3%) - Changed: 0 - Time: 0.7s
2025-08-16 14:11:45,321 - root - INFO - 📊 Progress: 6000/115085 (5.2%) - Changed: 0 - Time: 0.9s
2025-08-16 14:11:45,455 - root - INFO - 📊 Progress: 7000/115085 (6.1%) - Changed: 0 - Time: 1.0s
2025-08-16 14:11:45,591 - root - INFO - 📊 Progress: 8000/115085 (7.0%) - Changed: 0 - Time: 1.1s
2025-08-16 14:11:45,726 - root - INFO - 📊 Progress: 9000/115085 (7.8%) - Changed: 0 - Time: 1.3s
2025-08-16 14:11:45,863 - root - INFO - 📊 Progress: 10000/115085 (8.7%) - Changed: 0 - Time: 1.4s
2025-08-16 14:11:46,012 - root - INFO - 📊 Progress: 11000/115085 (9.6%) - Changed: 0 - Time: 1.5s
2025-08-16 14:11:46,149 - root - INFO - 📊 Progress: 12000/115085 (10.4%) - Changed: 0 - Time: 1.7s
2025-08-16 14:11:46,288 - root - INFO - 📊 Progress: 13000/115085 (11.3%) - Changed: 0 - Time: 1.8s
2025-08-16 14:11:46,426 - root - INFO - 📊 Progress: 14000/115085 (12.2%) - Changed: 0 - Time: 2.0s
2025-08-16 14:11:46,564 - root - INFO - 📊 Progress: 15000/115085 (13.0%) - Changed: 0 - Time: 2.1s
2025-08-16 14:11:46,566 - root - ERROR - Error translating 3.0 Auto Farming AFK series/All Map Open chests/Inazuma/8Enkanomiya/Daytime expose + small amount of puzzles/缘起13.json: 'utf-8' codec can't decode byte 0xc6 in position 31: invalid continuation byte
2025-08-16 14:11:46,566 - root - ERROR - Error translating 3.0 Auto Farming AFK series/All Map Open chests/Inazuma/8Enkanomiya/Daytime expose + small amount of puzzles/缘起15.json: 'utf-8' codec can't decode byte 0xc6 in position 31: invalid continuation byte
2025-08-16 14:11:46,566 - root - ERROR - Error translating 3.0 Auto Farming AFK series/All Map Open chests/Inazuma/8Enkanomiya/Daytime expose + small amount of puzzles/缘起16.json: 'utf-8' codec can't decode byte 0xc6 in position 31: invalid continuation byte
2025-08-16 14:11:46,566 - root - ERROR - Error translating 3.0 Auto Farming AFK series/All Map Open chests/Inazuma/8Enkanomiya/Daytime expose + small amount of puzzles/缘起17.json: 'utf-8' codec can't decode byte 0xc6 in position 31: invalid continuation byte
2025-08-16 14:11:46,566 - root - ERROR - Error translating 3.0 Auto Farming AFK series/All Map Open chests/Inazuma/8Enkanomiya/Daytime expose + small amount of puzzles/缘起18.json: 'utf-8' codec can't decode byte 0xc6 in position 31: invalid continuation byte
2025-08-16 14:11:46,566 - root - ERROR - Error translating 3.0 Auto Farming AFK series/All Map Open chests/Inazuma/8Enkanomiya/Daytime expose + small amount of puzzles/缘起19.json: 'utf-8' codec can't decode byte 0xc6 in position 31: invalid continuation byte
2025-08-16 14:11:46,566 - root - ERROR - Error translating 3.0 Auto Farming AFK series/All Map Open chests/Inazuma/8Enkanomiya/Daytime expose + small amount of puzzles/缘起20.json: 'utf-8' codec can't decode byte 0xc6 in position 31: invalid continuation byte
2025-08-16 14:11:46,566 - root - ERROR - Error translating 3.0 Auto Farming AFK series/All Map Open chests/Inazuma/8Enkanomiya/Daytime expose + small amount of puzzles/缘起21.json: 'utf-8' codec can't decode byte 0xc6 in position 31: invalid continuation byte
2025-08-16 14:11:46,566 - root - ERROR - Error translating 3.0 Auto Farming AFK series/All Map Open chests/Inazuma/8Enkanomiya/Daytime expose + small amount of puzzles/缘起22.json: 'utf-8' codec can't decode byte 0xc6 in position 31: invalid continuation byte
2025-08-16 14:11:46,566 - root - ERROR - Error translating 3.0 Auto Farming AFK series/All Map Open chests/Inazuma/8Enkanomiya/Daytime expose + small amount of puzzles/缘起23.json: 'utf-8' codec can't decode byte 0xc6 in position 31: invalid continuation byte
2025-08-16 14:11:46,567 - root - ERROR - Error translating 3.0 Auto Farming AFK series/All Map Open chests/Inazuma/8Enkanomiya/Daytime expose + small amount of puzzles/缘起24.json: 'utf-8' codec can't decode byte 0xc6 in position 31: invalid continuation byte
2025-08-16 14:11:46,567 - root - ERROR - Error translating 3.0 Auto Farming AFK series/All Map Open chests/Inazuma/8Enkanomiya/Daytime expose + small amount of puzzles/缘起25.json: 'utf-8' codec can't decode byte 0xc6 in position 31: invalid continuation byte
2025-08-16 14:11:46,567 - root - ERROR - Error translating 3.0 Auto Farming AFK series/All Map Open chests/Inazuma/8Enkanomiya/Daytime expose + small amount of puzzles/缘起26.json: 'utf-8' codec can't decode byte 0xc6 in position 31: invalid continuation byte
2025-08-16 14:11:46,567 - root - ERROR - Error translating 3.0 Auto Farming AFK series/All Map Open chests/Inazuma/8Enkanomiya/Daytime expose + small amount of puzzles/缘起27.json: 'utf-8' codec can't decode byte 0xc6 in position 31: invalid continuation byte
2025-08-16 14:11:46,567 - root - ERROR - Error translating 3.0 Auto Farming AFK series/All Map Open chests/Inazuma/8Enkanomiya/Daytime expose + small amount of puzzles/缘起28.json: 'utf-8' codec can't decode byte 0xc6 in position 31: invalid continuation byte
2025-08-16 14:11:46,567 - root - ERROR - Error translating 3.0 Auto Farming AFK series/All Map Open chests/Inazuma/8Enkanomiya/Daytime expose + small amount of puzzles/缘起29.json: 'utf-8' codec can't decode byte 0xc6 in position 31: invalid continuation byte
2025-08-16 14:11:46,567 - root - ERROR - Error translating 3.0 Auto Farming AFK series/All Map Open chests/Inazuma/8Enkanomiya/Daytime expose + small amount of puzzles/缘起30.json: 'utf-8' codec can't decode byte 0xc6 in position 31: invalid continuation byte
2025-08-16 14:11:46,567 - root - ERROR - Error translating 3.0 Auto Farming AFK series/All Map Open chests/Inazuma/8Enkanomiya/Daytime expose + small amount of puzzles/缘起31.json: 'utf-8' codec can't decode byte 0xc6 in position 31: invalid continuation byte
2025-08-16 14:11:46,567 - root - ERROR - Error translating 3.0 Auto Farming AFK series/All Map Open chests/Inazuma/8Enkanomiya/Daytime expose + small amount of puzzles/缘起32.json: 'utf-8' codec can't decode byte 0xc6 in position 31: invalid continuation byte
2025-08-16 14:11:46,567 - root - ERROR - Error translating 3.0 Auto Farming AFK series/All Map Open chests/Inazuma/8Enkanomiya/Daytime expose + small amount of puzzles/缘起33.json: 'utf-8' codec can't decode byte 0xc6 in position 31: invalid continuation byte
2025-08-16 14:11:46,567 - root - ERROR - Error translating 3.0 Auto Farming AFK series/All Map Open chests/Inazuma/8Enkanomiya/Daytime expose + small amount of puzzles/缘起34.json: 'utf-8' codec can't decode byte 0xc6 in position 31: invalid continuation byte
2025-08-16 14:11:46,567 - root - ERROR - Error translating 3.0 Auto Farming AFK series/All Map Open chests/Inazuma/8Enkanomiya/Daytime expose + small amount of puzzles/缘起35.json: 'utf-8' codec can't decode byte 0xc6 in position 31: invalid continuation byte
2025-08-16 14:11:46,568 - root - ERROR - Error translating 3.0 Auto Farming AFK series/All Map Open chests/Inazuma/8Enkanomiya/Daytime expose + small amount of puzzles/缘起36.json: 'utf-8' codec can't decode byte 0xc6 in position 31: invalid continuation byte
2025-08-16 14:11:46,568 - root - ERROR - Error translating 3.0 Auto Farming AFK series/All Map Open chests/Inazuma/8Enkanomiya/Daytime expose + small amount of puzzles/缘起37.json: 'utf-8' codec can't decode byte 0xc6 in position 31: invalid continuation byte
2025-08-16 14:11:46,568 - root - ERROR - Error translating 3.0 Auto Farming AFK series/All Map Open chests/Inazuma/8Enkanomiya/Daytime expose + small amount of puzzles/缘起38.json: 'utf-8' codec can't decode byte 0xc6 in position 31: invalid continuation byte
2025-08-16 14:11:46,568 - root - ERROR - Error translating 3.0 Auto Farming AFK series/All Map Open chests/Inazuma/8Enkanomiya/Daytime expose + small amount of puzzles/缘起40.json: 'utf-8' codec can't decode byte 0xc6 in position 31: invalid continuation byte
2025-08-16 14:11:46,568 - root - ERROR - Error translating 3.0 Auto Farming AFK series/All Map Open chests/Inazuma/8Enkanomiya/Daytime expose + small amount of puzzles/缘起41.json: 'utf-8' codec can't decode byte 0xc6 in position 31: invalid continuation byte
2025-08-16 14:11:46,568 - root - ERROR - Error translating 3.0 Auto Farming AFK series/All Map Open chests/Inazuma/8Enkanomiya/Daytime expose + small amount of puzzles/缘起42.json: 'utf-8' codec can't decode byte 0xc6 in position 31: invalid continuation byte
2025-08-16 14:11:46,568 - root - ERROR - Error translating 3.0 Auto Farming AFK series/All Map Open chests/Inazuma/8Enkanomiya/Daytime expose + small amount of puzzles/缘起43.json: 'utf-8' codec can't decode byte 0xc6 in position 31: invalid continuation byte
2025-08-16 14:11:46,568 - root - ERROR - Error translating 3.0 Auto Farming AFK series/All Map Open chests/Inazuma/8Enkanomiya/Daytime expose + small amount of puzzles/缘起45.json: 'utf-8' codec can't decode byte 0xc6 in position 31: invalid continuation byte
2025-08-16 14:11:46,568 - root - ERROR - Error translating 3.0 Auto Farming AFK series/All Map Open chests/Inazuma/8Enkanomiya/Daytime expose + small amount of puzzles/缘起46.json: 'utf-8' codec can't decode byte 0xc6 in position 31: invalid continuation byte
2025-08-16 14:11:46,568 - root - ERROR - Error translating 3.0 Auto Farming AFK series/All Map Open chests/Inazuma/8Enkanomiya/Daytime expose + small amount of puzzles/缘起50.json: 'utf-8' codec can't decode byte 0xc6 in position 31: invalid continuation byte
2025-08-16 14:11:46,568 - root - ERROR - Error translating 3.0 Auto Farming AFK series/All Map Open chests/Inazuma/8Enkanomiya/Daytime expose + small amount of puzzles/缘起51.json: 'utf-8' codec can't decode byte 0xc6 in position 31: invalid continuation byte
2025-08-16 14:11:46,568 - root - ERROR - Error translating 3.0 Auto Farming AFK series/All Map Open chests/Inazuma/8Enkanomiya/Daytime expose + small amount of puzzles/缘起52.json: 'utf-8' codec can't decode byte 0xc6 in position 31: invalid continuation byte
2025-08-16 14:11:46,569 - root - ERROR - Error translating 3.0 Auto Farming AFK series/All Map Open chests/Inazuma/8Enkanomiya/Daytime expose + small amount of puzzles/缘起53.json: 'utf-8' codec can't decode byte 0xc6 in position 31: invalid continuation byte
2025-08-16 14:11:46,569 - root - ERROR - Error translating 3.0 Auto Farming AFK series/All Map Open chests/Inazuma/8Enkanomiya/Daytime expose + small amount of puzzles/缘起54.json: 'utf-8' codec can't decode byte 0xc6 in position 31: invalid continuation byte
2025-08-16 14:11:46,569 - root - ERROR - Error translating 3.0 Auto Farming AFK series/All Map Open chests/Inazuma/8Enkanomiya/Daytime expose + small amount of puzzles/缘起55.json: 'utf-8' codec can't decode byte 0xc6 in position 31: invalid continuation byte
2025-08-16 14:11:46,569 - root - ERROR - Error translating 3.0 Auto Farming AFK series/All Map Open chests/Inazuma/8Enkanomiya/Daytime expose + small amount of puzzles/缘起56.json: 'utf-8' codec can't decode byte 0xc6 in position 31: invalid continuation byte
2025-08-16 14:11:46,569 - root - ERROR - Error translating 3.0 Auto Farming AFK series/All Map Open chests/Inazuma/8Enkanomiya/Daytime expose + small amount of puzzles/缘起57.json: 'utf-8' codec can't decode byte 0xc6 in position 31: invalid continuation byte
2025-08-16 14:11:46,569 - root - ERROR - Error translating 3.0 Auto Farming AFK series/All Map Open chests/Inazuma/8Enkanomiya/Daytime expose + small amount of puzzles/缘起58.json: 'utf-8' codec can't decode byte 0xc6 in position 31: invalid continuation byte
2025-08-16 14:11:46,569 - root - ERROR - Error translating 3.0 Auto Farming AFK series/All Map Open chests/Inazuma/8Enkanomiya/Daytime expose + small amount of puzzles/缘起59.json: 'utf-8' codec can't decode byte 0xc6 in position 31: invalid continuation byte
2025-08-16 14:11:46,569 - root - ERROR - Error translating 3.0 Auto Farming AFK series/All Map Open chests/Inazuma/8Enkanomiya/Daytime expose + small amount of puzzles/缘起60.json: 'utf-8' codec can't decode byte 0xc6 in position 31: invalid continuation byte
2025-08-16 14:11:46,569 - root - ERROR - Error translating 3.0 Auto Farming AFK series/All Map Open chests/Inazuma/8Enkanomiya/Daytime expose + small amount of puzzles/缘起61.json: 'utf-8' codec can't decode byte 0xc6 in position 31: invalid continuation byte
2025-08-16 14:11:46,569 - root - ERROR - Error translating 3.0 Auto Farming AFK series/All Map Open chests/Inazuma/8Enkanomiya/Daytime expose + small amount of puzzles/缘起62.json: 'utf-8' codec can't decode byte 0xc6 in position 31: invalid continuation byte
2025-08-16 14:11:46,569 - root - ERROR - Error translating 3.0 Auto Farming AFK series/All Map Open chests/Inazuma/8Enkanomiya/Daytime expose + small amount of puzzles/缘起63.json: 'utf-8' codec can't decode byte 0xc6 in position 31: invalid continuation byte
2025-08-16 14:11:46,569 - root - ERROR - Error translating 3.0 Auto Farming AFK series/All Map Open chests/Inazuma/8Enkanomiya/Daytime expose + small amount of puzzles/缘起64.json: 'utf-8' codec can't decode byte 0xc6 in position 31: invalid continuation byte
2025-08-16 14:11:46,570 - root - ERROR - Error translating 3.0 Auto Farming AFK series/All Map Open chests/Inazuma/8Enkanomiya/Daytime expose + small amount of puzzles/缘起65.json: 'utf-8' codec can't decode byte 0xc6 in position 31: invalid continuation byte
2025-08-16 14:11:46,570 - root - ERROR - Error translating 3.0 Auto Farming AFK series/All Map Open chests/Inazuma/8Enkanomiya/Daytime expose + small amount of puzzles/缘起66.json: 'utf-8' codec can't decode byte 0xc6 in position 31: invalid continuation byte
2025-08-16 14:11:46,570 - root - ERROR - Error translating 3.0 Auto Farming AFK series/All Map Open chests/Inazuma/8Enkanomiya/Daytime expose + small amount of puzzles/缘起68.json: 'utf-8' codec can't decode byte 0xc6 in position 31: invalid continuation byte
2025-08-16 14:11:46,570 - root - ERROR - Error translating 3.0 Auto Farming AFK series/All Map Open chests/Inazuma/8Enkanomiya/Daytime expose + small amount of puzzles/缘起69.json: 'utf-8' codec can't decode byte 0xc6 in position 31: invalid continuation byte
2025-08-16 14:11:46,701 - root - INFO - 📊 Progress: 16000/115085 (13.9%) - Changed: 0 - Time: 2.2s
2025-08-16 14:11:46,836 - root - INFO - 📊 Progress: 17000/115085 (14.8%) - Changed: 0 - Time: 2.4s
2025-08-16 14:11:46,975 - root - INFO - 📊 Progress: 18000/115085 (15.6%) - Changed: 0 - Time: 2.5s
2025-08-16 14:11:47,109 - root - INFO - 📊 Progress: 19000/115085 (16.5%) - Changed: 0 - Time: 2.6s
2025-08-16 14:11:47,242 - root - INFO - 📊 Progress: 20000/115085 (17.4%) - Changed: 0 - Time: 2.8s
2025-08-16 14:11:47,374 - root - INFO - 📊 Progress: 21000/115085 (18.2%) - Changed: 0 - Time: 2.9s
2025-08-16 14:11:47,507 - root - INFO - 📊 Progress: 22000/115085 (19.1%) - Changed: 0 - Time: 3.0s
2025-08-16 14:11:47,646 - root - INFO - 📊 Progress: 23000/115085 (20.0%) - Changed: 0 - Time: 3.2s
2025-08-16 14:11:47,781 - root - INFO - 📊 Progress: 24000/115085 (20.9%) - Changed: 0 - Time: 3.3s
2025-08-16 14:11:47,918 - root - INFO - 📊 Progress: 25000/115085 (21.7%) - Changed: 0 - Time: 3.5s
2025-08-16 14:11:48,058 - root - INFO - 📊 Progress: 26000/115085 (22.6%) - Changed: 1 - Time: 3.6s
2025-08-16 14:11:48,192 - root - INFO - 📊 Progress: 27000/115085 (23.5%) - Changed: 1 - Time: 3.7s
2025-08-16 14:11:48,206 - root - ERROR - Error translating 4.0 series/4.1 Liffey and Fortaine research/Latest fortaine 4.1 100% exploration/4.0 3 zones combined/chests +Seelie +Challenge +Mora chest/补034.json: 'utf-8' codec can't decode byte 0xb2 in position 29: invalid start byte
2025-08-16 14:11:48,207 - root - ERROR - Error translating 4.0 series/4.1 Liffey and Fortaine research/Latest fortaine 4.1 100% exploration/4.0 3 zones combined/chests +Seelie +Challenge +Mora chest/补035.json: 'utf-8' codec can't decode byte 0xb2 in position 29: invalid start byte
2025-08-16 14:11:48,207 - root - ERROR - Error translating 4.0 series/4.1 Liffey and Fortaine research/Latest fortaine 4.1 100% exploration/4.0 3 zones combined/chests +Seelie +Challenge +Mora chest/补036.json: 'utf-8' codec can't decode byte 0xb2 in position 29: invalid start byte
2025-08-16 14:11:48,207 - root - ERROR - Error translating 4.0 series/4.1 Liffey and Fortaine research/Latest fortaine 4.1 100% exploration/4.0 3 zones combined/chests +Seelie +Challenge +Mora chest/补037.json: 'utf-8' codec can't decode byte 0xb2 in position 29: invalid start byte
2025-08-16 14:11:48,207 - root - ERROR - Error translating 4.0 series/4.1 Liffey and Fortaine research/Latest fortaine 4.1 100% exploration/4.0 3 zones combined/chests +Seelie +Challenge +Mora chest/补038.json: 'utf-8' codec can't decode byte 0xb2 in position 29: invalid start byte
2025-08-16 14:11:48,207 - root - ERROR - Error translating 4.0 series/4.1 Liffey and Fortaine research/Latest fortaine 4.1 100% exploration/4.0 3 zones combined/chests +Seelie +Challenge +Mora chest/补101.json: 'utf-8' codec can't decode byte 0xb2 in position 29: invalid start byte
2025-08-16 14:11:48,207 - root - ERROR - Error translating 4.0 series/4.1 Liffey and Fortaine research/Latest fortaine 4.1 100% exploration/4.0 3 zones combined/chests +Seelie +Challenge +Mora chest/补102.json: 'utf-8' codec can't decode byte 0xb2 in position 29: invalid start byte
2025-08-16 14:11:48,207 - root - ERROR - Error translating 4.0 series/4.1 Liffey and Fortaine research/Latest fortaine 4.1 100% exploration/4.0 3 zones combined/chests +Seelie +Challenge +Mora chest/补149.json: 'utf-8' codec can't decode byte 0xb2 in position 29: invalid start byte
2025-08-16 14:11:48,207 - root - ERROR - Error translating 4.0 series/4.1 Liffey and Fortaine research/Latest fortaine 4.1 100% exploration/4.0 3 zones combined/chests +Seelie +Challenge +Mora chest/补150.json: 'utf-8' codec can't decode byte 0xb2 in position 29: invalid start byte
2025-08-16 14:11:48,207 - root - ERROR - Error translating 4.0 series/4.1 Liffey and Fortaine research/Latest fortaine 4.1 100% exploration/4.0 3 zones combined/chests +Seelie +Challenge +Mora chest/补151.json: 'utf-8' codec can't decode byte 0xb2 in position 29: invalid start byte
2025-08-16 14:11:48,208 - root - ERROR - Error translating 4.0 series/4.1 Liffey and Fortaine research/Latest fortaine 4.1 100% exploration/4.0 3 zones combined/chests +Seelie +Challenge +Mora chest/补152.json: 'utf-8' codec can't decode byte 0xb2 in position 29: invalid start byte
2025-08-16 14:11:48,208 - root - ERROR - Error translating 4.0 series/4.1 Liffey and Fortaine research/Latest fortaine 4.1 100% exploration/4.0 3 zones combined/chests +Seelie +Challenge +Mora chest/补153.json: 'utf-8' codec can't decode byte 0xb2 in position 29: invalid start byte
2025-08-16 14:11:48,208 - root - ERROR - Error translating 4.0 series/4.1 Liffey and Fortaine research/Latest fortaine 4.1 100% exploration/4.0 3 zones combined/chests +Seelie +Challenge +Mora chest/补154.json: 'utf-8' codec can't decode byte 0xb2 in position 29: invalid start byte
2025-08-16 14:11:48,208 - root - ERROR - Error translating 4.0 series/4.1 Liffey and Fortaine research/Latest fortaine 4.1 100% exploration/4.0 3 zones combined/chests +Seelie +Challenge +Mora chest/补155.json: 'utf-8' codec can't decode byte 0xb2 in position 29: invalid start byte
2025-08-16 14:11:48,208 - root - ERROR - Error translating 4.0 series/4.1 Liffey and Fortaine research/Latest fortaine 4.1 100% exploration/4.0 3 zones combined/chests +Seelie +Challenge +Mora chest/补156.json: 'utf-8' codec can't decode byte 0xb2 in position 29: invalid start byte
2025-08-16 14:11:48,208 - root - ERROR - Error translating 4.0 series/4.1 Liffey and Fortaine research/Latest fortaine 4.1 100% exploration/4.0 3 zones combined/chests +Seelie +Challenge +Mora chest/补206.json: 'utf-8' codec can't decode byte 0xb2 in position 29: invalid start byte
2025-08-16 14:11:48,208 - root - ERROR - Error translating 4.0 series/4.1 Liffey and Fortaine research/Latest fortaine 4.1 100% exploration/4.0 3 zones combined/chests +Seelie +Challenge +Mora chest/补207.json: 'utf-8' codec can't decode byte 0xb2 in position 29: invalid start byte
2025-08-16 14:11:48,208 - root - ERROR - Error translating 4.0 series/4.1 Liffey and Fortaine research/Latest fortaine 4.1 100% exploration/4.0 3 zones combined/chests +Seelie +Challenge +Mora chest/补208.json: 'utf-8' codec can't decode byte 0xb2 in position 29: invalid start byte
2025-08-16 14:11:48,208 - root - ERROR - Error translating 4.0 series/4.1 Liffey and Fortaine research/Latest fortaine 4.1 100% exploration/4.0 3 zones combined/chests +Seelie +Challenge +Mora chest/补209.json: 'utf-8' codec can't decode byte 0xb2 in position 29: invalid start byte
2025-08-16 14:11:48,208 - root - ERROR - Error translating 4.0 series/4.1 Liffey and Fortaine research/Latest fortaine 4.1 100% exploration/4.0 3 zones combined/chests +Seelie +Challenge +Mora chest/补210.json: 'utf-8' codec can't decode byte 0xb2 in position 29: invalid start byte
2025-08-16 14:11:48,208 - root - ERROR - Error translating 4.0 series/4.1 Liffey and Fortaine research/Latest fortaine 4.1 100% exploration/4.0 3 zones combined/chests +Seelie +Challenge +Mora chest/补211.json: 'utf-8' codec can't decode byte 0xb2 in position 29: invalid start byte
2025-08-16 14:11:48,209 - root - ERROR - Error translating 4.0 series/4.1 Liffey and Fortaine research/Latest fortaine 4.1 100% exploration/4.0 3 zones combined/last teleport/add 208.json: 'utf-8' codec can't decode byte 0xb2 in position 29: invalid start byte
2025-08-16 14:11:48,209 - root - ERROR - Error translating 4.0 series/4.1 Liffey and Fortaine research/Latest fortaine 4.1 100% exploration/4.0 3 zones combined/last teleport/add 209.json: 'utf-8' codec can't decode byte 0xb2 in position 29: invalid start byte
2025-08-16 14:11:48,209 - root - ERROR - Error translating 4.0 series/4.1 Liffey and Fortaine research/Latest fortaine 4.1 100% exploration/4.0 3 zones combined/last teleport/add 210.json: 'utf-8' codec can't decode byte 0xb2 in position 29: invalid start byte
2025-08-16 14:11:48,209 - root - ERROR - Error translating 4.0 series/4.1 Liffey and Fortaine research/Latest fortaine 4.1 100% exploration/4.0 3 zones combined/last teleport/add211.json: 'utf-8' codec can't decode byte 0xb2 in position 29: invalid start byte
2025-08-16 14:11:48,216 - root - ERROR - Error translating 4.0 series/4.1 Liffey and Fortaine research/Latest fortaine 4.1 100% exploration/4.0 version -CN version/Belleau Region/Collection/补034.json: 'utf-8' codec can't decode byte 0xb2 in position 29: invalid start byte
2025-08-16 14:11:48,216 - root - ERROR - Error translating 4.0 series/4.1 Liffey and Fortaine research/Latest fortaine 4.1 100% exploration/4.0 version -CN version/Belleau Region/Collection/补035.json: 'utf-8' codec can't decode byte 0xb2 in position 29: invalid start byte
2025-08-16 14:11:48,216 - root - ERROR - Error translating 4.0 series/4.1 Liffey and Fortaine research/Latest fortaine 4.1 100% exploration/4.0 version -CN version/Belleau Region/Collection/补036.json: 'utf-8' codec can't decode byte 0xb2 in position 29: invalid start byte
2025-08-16 14:11:48,216 - root - ERROR - Error translating 4.0 series/4.1 Liffey and Fortaine research/Latest fortaine 4.1 100% exploration/4.0 version -CN version/Belleau Region/Collection/补037.json: 'utf-8' codec can't decode byte 0xb2 in position 29: invalid start byte
2025-08-16 14:11:48,216 - root - ERROR - Error translating 4.0 series/4.1 Liffey and Fortaine research/Latest fortaine 4.1 100% exploration/4.0 version -CN version/Belleau Region/Collection/补038.json: 'utf-8' codec can't decode byte 0xb2 in position 29: invalid start byte
2025-08-16 14:11:48,216 - root - ERROR - Error translating 4.0 series/4.1 Liffey and Fortaine research/Latest fortaine 4.1 100% exploration/4.0 version -CN version/Belleau Region/Mora chests/补034.json: 'utf-8' codec can't decode byte 0xb2 in position 29: invalid start byte
2025-08-16 14:11:48,216 - root - ERROR - Error translating 4.0 series/4.1 Liffey and Fortaine research/Latest fortaine 4.1 100% exploration/4.0 version -CN version/Belleau Region/Mora chests/补035.json: 'utf-8' codec can't decode byte 0xb2 in position 29: invalid start byte
2025-08-16 14:11:48,216 - root - ERROR - Error translating 4.0 series/4.1 Liffey and Fortaine research/Latest fortaine 4.1 100% exploration/4.0 version -CN version/Belleau Region/Mora chests/补036.json: 'utf-8' codec can't decode byte 0xb2 in position 29: invalid start byte
2025-08-16 14:11:48,217 - root - ERROR - Error translating 4.0 series/4.1 Liffey and Fortaine research/Latest fortaine 4.1 100% exploration/4.0 version -CN version/Belleau Region/Mora chests/补037.json: 'utf-8' codec can't decode byte 0xb2 in position 29: invalid start byte
2025-08-16 14:11:48,217 - root - ERROR - Error translating 4.0 series/4.1 Liffey and Fortaine research/Latest fortaine 4.1 100% exploration/4.0 version -CN version/Belleau Region/Mora chests/补038.json: 'utf-8' codec can't decode byte 0xb2 in position 29: invalid start byte
2025-08-16 14:11:48,244 - root - ERROR - Error translating 4.0 series/4.1 Liffey and Fortaine research/Latest fortaine 4.1 100% exploration/4.0 version -CN version/Beryl Region/Collection/补101.json: 'utf-8' codec can't decode byte 0xb2 in position 29: invalid start byte
2025-08-16 14:11:48,244 - root - ERROR - Error translating 4.0 series/4.1 Liffey and Fortaine research/Latest fortaine 4.1 100% exploration/4.0 version -CN version/Beryl Region/Collection/补102.json: 'utf-8' codec can't decode byte 0xb2 in position 29: invalid start byte
2025-08-16 14:11:48,244 - root - ERROR - Error translating 4.0 series/4.1 Liffey and Fortaine research/Latest fortaine 4.1 100% exploration/4.0 version -CN version/Beryl Region/Collection/补149.json: 'utf-8' codec can't decode byte 0xb2 in position 29: invalid start byte
2025-08-16 14:11:48,244 - root - ERROR - Error translating 4.0 series/4.1 Liffey and Fortaine research/Latest fortaine 4.1 100% exploration/4.0 version -CN version/Beryl Region/Collection/补150.json: 'utf-8' codec can't decode byte 0xb2 in position 29: invalid start byte
2025-08-16 14:11:48,245 - root - ERROR - Error translating 4.0 series/4.1 Liffey and Fortaine research/Latest fortaine 4.1 100% exploration/4.0 version -CN version/Beryl Region/Collection/补151.json: 'utf-8' codec can't decode byte 0xb2 in position 29: invalid start byte
2025-08-16 14:11:48,245 - root - ERROR - Error translating 4.0 series/4.1 Liffey and Fortaine research/Latest fortaine 4.1 100% exploration/4.0 version -CN version/Beryl Region/Collection/补152.json: 'utf-8' codec can't decode byte 0xb2 in position 29: invalid start byte
2025-08-16 14:11:48,245 - root - ERROR - Error translating 4.0 series/4.1 Liffey and Fortaine research/Latest fortaine 4.1 100% exploration/4.0 version -CN version/Beryl Region/Collection/补153.json: 'utf-8' codec can't decode byte 0xb2 in position 29: invalid start byte
2025-08-16 14:11:48,245 - root - ERROR - Error translating 4.0 series/4.1 Liffey and Fortaine research/Latest fortaine 4.1 100% exploration/4.0 version -CN version/Beryl Region/Collection/补154.json: 'utf-8' codec can't decode byte 0xb2 in position 29: invalid start byte
2025-08-16 14:11:48,245 - root - ERROR - Error translating 4.0 series/4.1 Liffey and Fortaine research/Latest fortaine 4.1 100% exploration/4.0 version -CN version/Beryl Region/Collection/补155.json: 'utf-8' codec can't decode byte 0xb2 in position 29: invalid start byte
2025-08-16 14:11:48,245 - root - ERROR - Error translating 4.0 series/4.1 Liffey and Fortaine research/Latest fortaine 4.1 100% exploration/4.0 version -CN version/Beryl Region/Collection/补156.json: 'utf-8' codec can't decode byte 0xb2 in position 29: invalid start byte
2025-08-16 14:11:48,247 - root - ERROR - Error translating 4.0 series/4.1 Liffey and Fortaine research/Latest fortaine 4.1 100% exploration/4.0 version -CN version/Beryl Region/Mora chests/补148.json: 'utf-8' codec can't decode byte 0xb2 in position 29: invalid start byte
2025-08-16 14:11:48,248 - root - ERROR - Error translating 4.0 series/4.1 Liffey and Fortaine research/Latest fortaine 4.1 100% exploration/4.0 version -CN version/Beryl Region/Mora chests/补149.json: 'utf-8' codec can't decode byte 0xb2 in position 29: invalid start byte
2025-08-16 14:11:48,248 - root - ERROR - Error translating 4.0 series/4.1 Liffey and Fortaine research/Latest fortaine 4.1 100% exploration/4.0 version -CN version/Beryl Region/Mora chests/补150.json: 'utf-8' codec can't decode byte 0xb2 in position 29: invalid start byte
2025-08-16 14:11:48,248 - root - ERROR - Error translating 4.0 series/4.1 Liffey and Fortaine research/Latest fortaine 4.1 100% exploration/4.0 version -CN version/Beryl Region/Mora chests/补151.json: 'utf-8' codec can't decode byte 0xb2 in position 29: invalid start byte
2025-08-16 14:11:48,248 - root - ERROR - Error translating 4.0 series/4.1 Liffey and Fortaine research/Latest fortaine 4.1 100% exploration/4.0 version -CN version/Beryl Region/Mora chests/补152.json: 'utf-8' codec can't decode byte 0xb2 in position 29: invalid start byte
2025-08-16 14:11:48,248 - root - ERROR - Error translating 4.0 series/4.1 Liffey and Fortaine research/Latest fortaine 4.1 100% exploration/4.0 version -CN version/Beryl Region/Mora chests/补153.json: 'utf-8' codec can't decode byte 0xb2 in position 29: invalid start byte
2025-08-16 14:11:48,248 - root - ERROR - Error translating 4.0 series/4.1 Liffey and Fortaine research/Latest fortaine 4.1 100% exploration/4.0 version -CN version/Beryl Region/Mora chests/补154.json: 'utf-8' codec can't decode byte 0xb2 in position 29: invalid start byte
2025-08-16 14:11:48,249 - root - ERROR - Error translating 4.0 series/4.1 Liffey and Fortaine research/Latest fortaine 4.1 100% exploration/4.0 version -CN version/Beryl Region/Mora chests/补155.json: 'utf-8' codec can't decode byte 0xb2 in position 29: invalid start byte
2025-08-16 14:11:48,249 - root - ERROR - Error translating 4.0 series/4.1 Liffey and Fortaine research/Latest fortaine 4.1 100% exploration/4.0 version -CN version/Beryl Region/Mora chests/补156.json: 'utf-8' codec can't decode byte 0xb2 in position 29: invalid start byte
2025-08-16 14:11:48,264 - root - ERROR - Error translating 4.0 series/4.1 Liffey and Fortaine research/Latest fortaine 4.1 100% exploration/4.0 version -CN version/Beryl Region/Puzzle/补101.json: 'utf-8' codec can't decode byte 0xb2 in position 29: invalid start byte
2025-08-16 14:11:48,264 - root - ERROR - Error translating 4.0 series/4.1 Liffey and Fortaine research/Latest fortaine 4.1 100% exploration/4.0 version -CN version/Beryl Region/Puzzle/补102.json: 'utf-8' codec can't decode byte 0xb2 in position 29: invalid start byte
2025-08-16 14:11:48,312 - root - ERROR - Error translating 4.0 series/4.1 Liffey and Fortaine research/Latest fortaine 4.1 100% exploration/4.0 version -CN version/Court of Fontaine Quartier Narbonnais/Collection/补206.json: 'utf-8' codec can't decode byte 0xb2 in position 29: invalid start byte
2025-08-16 14:11:48,312 - root - ERROR - Error translating 4.0 series/4.1 Liffey and Fortaine research/Latest fortaine 4.1 100% exploration/4.0 version -CN version/Court of Fontaine Quartier Narbonnais/Collection/补207.json: 'utf-8' codec can't decode byte 0xb2 in position 29: invalid start byte
2025-08-16 14:11:48,313 - root - ERROR - Error translating 4.0 series/4.1 Liffey and Fortaine research/Latest fortaine 4.1 100% exploration/4.0 version -CN version/Court of Fontaine Quartier Narbonnais/Collection/补208.json: 'utf-8' codec can't decode byte 0xb2 in position 29: invalid start byte
2025-08-16 14:11:48,313 - root - ERROR - Error translating 4.0 series/4.1 Liffey and Fortaine research/Latest fortaine 4.1 100% exploration/4.0 version -CN version/Court of Fontaine Quartier Narbonnais/Collection/补209.json: 'utf-8' codec can't decode byte 0xb2 in position 29: invalid start byte
2025-08-16 14:11:48,313 - root - ERROR - Error translating 4.0 series/4.1 Liffey and Fortaine research/Latest fortaine 4.1 100% exploration/4.0 version -CN version/Court of Fontaine Quartier Narbonnais/Collection/补210.json: 'utf-8' codec can't decode byte 0xb2 in position 29: invalid start byte
2025-08-16 14:11:48,313 - root - ERROR - Error translating 4.0 series/4.1 Liffey and Fortaine research/Latest fortaine 4.1 100% exploration/4.0 version -CN version/Court of Fontaine Quartier Narbonnais/Collection/补211.json: 'utf-8' codec can't decode byte 0xb2 in position 29: invalid start byte
2025-08-16 14:11:48,336 - root - ERROR - Error translating 4.0 series/4.1 Liffey and Fortaine research/Latest fortaine 4.1 100% exploration/4.0 version -CN version/Court of Fontaine Quartier Narbonnais/Open/补206.json: 'utf-8' codec can't decode byte 0xb2 in position 29: invalid start byte
2025-08-16 14:11:48,353 - root - ERROR - Error translating 4.0 series/4.1 Liffey and Fortaine research/Latest fortaine 4.1 100% exploration/4.0 version -CN version/Court of Fontaine Quartier Narbonnais/last teleport/add 207.json: 'utf-8' codec can't decode byte 0xb2 in position 29: invalid start byte
2025-08-16 14:11:48,353 - root - ERROR - Error translating 4.0 series/4.1 Liffey and Fortaine research/Latest fortaine 4.1 100% exploration/4.0 version -CN version/Court of Fontaine Quartier Narbonnais/last teleport/add 208.json: 'utf-8' codec can't decode byte 0xb2 in position 29: invalid start byte
2025-08-16 14:11:48,353 - root - ERROR - Error translating 4.0 series/4.1 Liffey and Fortaine research/Latest fortaine 4.1 100% exploration/4.0 version -CN version/Court of Fontaine Quartier Narbonnais/last teleport/add 209.json: 'utf-8' codec can't decode byte 0xb2 in position 29: invalid start byte
2025-08-16 14:11:48,354 - root - ERROR - Error translating 4.0 series/4.1 Liffey and Fortaine research/Latest fortaine 4.1 100% exploration/4.0 version -CN version/Court of Fontaine Quartier Narbonnais/last teleport/add 210.json: 'utf-8' codec can't decode byte 0xb2 in position 29: invalid start byte
2025-08-16 14:11:48,354 - root - ERROR - Error translating 4.0 series/4.1 Liffey and Fortaine research/Latest fortaine 4.1 100% exploration/4.0 version -CN version/Court of Fontaine Quartier Narbonnais/last teleport/add 211.json: 'utf-8' codec can't decode byte 0xb2 in position 29: invalid start byte
2025-08-16 14:11:48,366 - root - INFO - 📊 Progress: 28000/115085 (24.3%) - Changed: 4 - Time: 3.9s
2025-08-16 14:11:48,515 - root - INFO - 📊 Progress: 29000/115085 (25.2%) - Changed: 5 - Time: 4.1s
2025-08-16 14:11:48,547 - root - ERROR - Invalid JSON in 4.0 series/4.4 chengyu VALE/4.4 Chenyu Vale - full series/A - Teatree Slope(2)11-25/Y2.json: Unexpected UTF-8 BOM (decode using utf-8-sig): line 1 column 1 (char 0)
2025-08-16 14:11:48,550 - root - ERROR - Invalid JSON in 4.0 series/4.4 chengyu VALE/4.4 Chenyu Vale - full series/A- Teatree Slope (3)/32.json: Unexpected UTF-8 BOM (decode using utf-8-sig): line 1 column 1 (char 0)
2025-08-16 14:11:48,563 - root - ERROR - Invalid JSON in 4.0 series/4.4 chengyu VALE/4.4 Chenyu Vale - full series/B- Yaodie Valley(1)/62.json: Unexpected UTF-8 BOM (decode using utf-8-sig): line 1 column 1 (char 0)
2025-08-16 14:11:48,564 - root - ERROR - Invalid JSON in 4.0 series/4.4 chengyu VALE/4.4 Chenyu Vale - full series/B- Yaodie Valley(2)63-78/65.json: Unexpected UTF-8 BOM (decode using utf-8-sig): line 1 column 1 (char 0)
2025-08-16 14:11:48,565 - root - ERROR - Invalid JSON in 4.0 series/4.4 chengyu VALE/4.4 Chenyu Vale - full series/B- Yaodie Valley(2)63-78/67.json: Unexpected UTF-8 BOM (decode using utf-8-sig): line 1 column 1 (char 0)
2025-08-16 14:11:48,567 - root - ERROR - Invalid JSON in 4.0 series/4.4 chengyu VALE/4.4 Chenyu Vale - full series/B- Yaodie Valley(2)63-78/72(1).json: Unexpected UTF-8 BOM (decode using utf-8-sig): line 1 column 1 (char 0)
2025-08-16 14:11:48,567 - root - ERROR - Error translating 4.0 series/4.4 chengyu VALE/4.4 Chenyu Vale - full series/B- Yaodie Valley(2)63-78/72(2).json: 'utf-8' codec can't decode byte 0xd5 in position 44: invalid continuation byte
2025-08-16 14:11:48,570 - root - ERROR - Error translating text file 4.0 series/4.4 chengyu VALE/4.4 Chenyu Vale - full series/B- Yaodie Valley(2)63-78/读我.txt: 'utf-8' codec can't decode byte 0xcf in position 45: invalid continuation byte
2025-08-16 14:11:48,578 - root - ERROR - Invalid JSON in 4.0 series/4.4 chengyu VALE/4.4 Chenyu Vale - full series/C- Qiaoying Village(2)89-98/94(1).json: Unexpected UTF-8 BOM (decode using utf-8-sig): line 1 column 1 (char 0)
2025-08-16 14:11:48,578 - root - ERROR - Invalid JSON in 4.0 series/4.4 chengyu VALE/4.4 Chenyu Vale - full series/C- Qiaoying Village(2)89-98/95.json: Unexpected UTF-8 BOM (decode using utf-8-sig): line 1 column 1 (char 0)
2025-08-16 14:11:48,581 - root - ERROR - Invalid JSON in 4.0 series/4.4 chengyu VALE/4.4 Chenyu Vale - full series/C- Qiaoying Village(3)99-115/101(2).json: Unexpected UTF-8 BOM (decode using utf-8-sig): line 1 column 1 (char 0)
2025-08-16 14:11:48,610 - root - ERROR - Invalid JSON in 4.0 series/4.4 chengyu VALE/4.4 Chenyu Vale - full series/F- Yilong Wharf(1)151-162/161(2).json: Unexpected UTF-8 BOM (decode using utf-8-sig): line 1 column 1 (char 0)
2025-08-16 14:11:48,619 - root - ERROR - Invalid JSON in 4.0 series/4.4 chengyu VALE/4.4 Chenyu Vale - full series/G- Mt. Mingyuan(1)177-195/179(1).json: Unexpected UTF-8 BOM (decode using utf-8-sig): line 1 column 1 (char 0)
2025-08-16 14:11:48,625 - root - ERROR - Invalid JSON in 4.0 series/4.4 chengyu VALE/4.4 Chenyu Vale - full series/G- Mt. Mingyuan(1)177-195/193-195.json: Unexpected UTF-8 BOM (decode using utf-8-sig): line 1 column 1 (char 0)
2025-08-16 14:11:48,630 - root - ERROR - Invalid JSON in 4.0 series/4.4 chengyu VALE/4.4 Chenyu Vale - full series/G- Mt. Mingyuan(2)196-212/208(1).json: Unexpected UTF-8 BOM (decode using utf-8-sig): line 1 column 1 (char 0)
2025-08-16 14:11:48,636 - root - ERROR - Invalid JSON in 4.0 series/4.4 chengyu VALE/4.4 Chenyu Vale - full series/H- Chiwang Terrace 213-233/221.json: Unexpected UTF-8 BOM (decode using utf-8-sig): line 1 column 1 (char 0)
2025-08-16 14:11:48,663 - root - ERROR - Invalid JSON in 4.0 series/4.4 chengyu VALE/4.4 Chenyu Vale - full series/J- Chizhang Wall(2)276-284/284.json: Unexpected UTF-8 BOM (decode using utf-8-sig): line 1 column 1 (char 0)
2025-08-16 14:11:48,676 - root - ERROR - Invalid JSON in 4.0 series/4.4 chengyu VALE/4.4 Chenyu Vale - full series/J- Chizhang Wall(4)296-316/314.json: Unexpected UTF-8 BOM (decode using utf-8-sig): line 1 column 1 (char 0)
2025-08-16 14:11:48,677 - root - ERROR - Invalid JSON in 4.0 series/4.4 chengyu VALE/4.4 Chenyu Vale - full series/J- Chizhang Wall(5)317-336/317.json: Unexpected UTF-8 BOM (decode using utf-8-sig): line 1 column 1 (char 0)
2025-08-16 14:11:48,684 - root - ERROR - Invalid JSON in 4.0 series/4.4 chengyu VALE/4.4 Chenyu Vale - full series/J- Chizhang Wall(5)317-336/335.json: Unexpected UTF-8 BOM (decode using utf-8-sig): line 1 column 1 (char 0)
2025-08-16 14:11:48,757 - root - INFO - 📊 Progress: 30000/115085 (26.1%) - Changed: 332 - Time: 4.3s
2025-08-16 14:11:49,023 - root - INFO - 📊 Progress: 31000/115085 (26.9%) - Changed: 646 - Time: 4.6s
2025-08-16 14:11:49,169 - root - INFO - 📊 Progress: 32000/115085 (27.8%) - Changed: 653 - Time: 4.7s
2025-08-16 14:11:49,314 - root - INFO - 📊 Progress: 33000/115085 (28.7%) - Changed: 654 - Time: 4.9s
2025-08-16 14:11:49,468 - root - INFO - 📊 Progress: 34000/115085 (29.5%) - Changed: 654 - Time: 5.0s
2025-08-16 14:11:49,613 - root - INFO - 📊 Progress: 35000/115085 (30.4%) - Changed: 654 - Time: 5.2s
2025-08-16 14:11:49,759 - root - INFO - 📊 Progress: 36000/115085 (31.3%) - Changed: 654 - Time: 5.3s
2025-08-16 14:11:49,904 - root - INFO - 📊 Progress: 37000/115085 (32.2%) - Changed: 654 - Time: 5.4s
2025-08-16 14:11:50,168 - root - INFO - 📊 Progress: 38000/115085 (33.0%) - Changed: 955 - Time: 5.7s
2025-08-16 14:11:50,309 - root - INFO - 📊 Progress: 39000/115085 (33.9%) - Changed: 956 - Time: 5.8s
2025-08-16 14:11:50,337 - root - ERROR - Error translating text file Exploration 100%/4.1 Fortaine/Fontaine 4.1Chests exploration100%/Achievement Chests/Sit down then turn time to 1700.txt: 'utf-8' codec can't decode byte 0xd0 in position 0: invalid continuation byte
2025-08-16 14:11:50,487 - root - INFO - 📊 Progress: 40000/115085 (34.8%) - Changed: 1052 - Time: 6.0s
2025-08-16 14:11:50,651 - root - INFO - 📊 Progress: 41000/115085 (35.6%) - Changed: 1118 - Time: 6.2s
2025-08-16 14:11:50,901 - root - INFO - 📊 Progress: 42000/115085 (36.5%) - Changed: 1433 - Time: 6.4s
2025-08-16 14:11:51,052 - root - INFO - 📊 Progress: 43000/115085 (37.4%) - Changed: 1437 - Time: 6.6s
2025-08-16 14:11:51,197 - root - INFO - 📊 Progress: 44000/115085 (38.2%) - Changed: 1441 - Time: 6.7s
2025-08-16 14:11:51,342 - root - INFO - 📊 Progress: 45000/115085 (39.1%) - Changed: 1441 - Time: 6.9s
2025-08-16 14:11:51,486 - root - INFO - 📊 Progress: 46000/115085 (40.0%) - Changed: 1441 - Time: 7.0s
2025-08-16 14:11:51,631 - root - INFO - 📊 Progress: 47000/115085 (40.8%) - Changed: 1443 - Time: 7.2s
2025-08-16 14:11:51,778 - root - INFO - 📊 Progress: 48000/115085 (41.7%) - Changed: 1444 - Time: 7.3s
2025-08-16 14:11:51,925 - root - INFO - 📊 Progress: 49000/115085 (42.6%) - Changed: 1444 - Time: 7.5s
2025-08-16 14:11:52,069 - root - INFO - 📊 Progress: 50000/115085 (43.4%) - Changed: 1444 - Time: 7.6s
2025-08-16 14:11:52,214 - root - INFO - 📊 Progress: 51000/115085 (44.3%) - Changed: 1444 - Time: 7.8s
2025-08-16 14:11:52,359 - root - INFO - 📊 Progress: 52000/115085 (45.2%) - Changed: 1445 - Time: 7.9s
2025-08-16 14:11:52,364 - root - ERROR - Error translating Nation type series/Fortaine/4.0 3 area Series/Chests + Seelie + Challenge + mora chests/补034.json: 'utf-8' codec can't decode byte 0xb2 in position 29: invalid start byte
2025-08-16 14:11:52,364 - root - ERROR - Error translating Nation type series/Fortaine/4.0 3 area Series/Chests + Seelie + Challenge + mora chests/补035.json: 'utf-8' codec can't decode byte 0xb2 in position 29: invalid start byte
2025-08-16 14:11:52,365 - root - ERROR - Error translating Nation type series/Fortaine/4.0 3 area Series/Chests + Seelie + Challenge + mora chests/补036.json: 'utf-8' codec can't decode byte 0xb2 in position 29: invalid start byte
2025-08-16 14:11:52,365 - root - ERROR - Error translating Nation type series/Fortaine/4.0 3 area Series/Chests + Seelie + Challenge + mora chests/补037.json: 'utf-8' codec can't decode byte 0xb2 in position 29: invalid start byte
2025-08-16 14:11:52,365 - root - ERROR - Error translating Nation type series/Fortaine/4.0 3 area Series/Chests + Seelie + Challenge + mora chests/补038.json: 'utf-8' codec can't decode byte 0xb2 in position 29: invalid start byte
2025-08-16 14:11:52,365 - root - ERROR - Error translating Nation type series/Fortaine/4.0 3 area Series/Chests + Seelie + Challenge + mora chests/补101.json: 'utf-8' codec can't decode byte 0xb2 in position 29: invalid start byte
2025-08-16 14:11:52,365 - root - ERROR - Error translating Nation type series/Fortaine/4.0 3 area Series/Chests + Seelie + Challenge + mora chests/补102.json: 'utf-8' codec can't decode byte 0xb2 in position 29: invalid start byte
2025-08-16 14:11:52,365 - root - ERROR - Error translating Nation type series/Fortaine/4.0 3 area Series/Chests + Seelie + Challenge + mora chests/补149.json: 'utf-8' codec can't decode byte 0xb2 in position 29: invalid start byte
2025-08-16 14:11:52,366 - root - ERROR - Error translating Nation type series/Fortaine/4.0 3 area Series/Chests + Seelie + Challenge + mora chests/补150.json: 'utf-8' codec can't decode byte 0xb2 in position 29: invalid start byte
2025-08-16 14:11:52,366 - root - ERROR - Error translating Nation type series/Fortaine/4.0 3 area Series/Chests + Seelie + Challenge + mora chests/补151.json: 'utf-8' codec can't decode byte 0xb2 in position 29: invalid start byte
2025-08-16 14:11:52,366 - root - ERROR - Error translating Nation type series/Fortaine/4.0 3 area Series/Chests + Seelie + Challenge + mora chests/补152.json: 'utf-8' codec can't decode byte 0xb2 in position 29: invalid start byte
2025-08-16 14:11:52,366 - root - ERROR - Error translating Nation type series/Fortaine/4.0 3 area Series/Chests + Seelie + Challenge + mora chests/补153.json: 'utf-8' codec can't decode byte 0xb2 in position 29: invalid start byte
2025-08-16 14:11:52,366 - root - ERROR - Error translating Nation type series/Fortaine/4.0 3 area Series/Chests + Seelie + Challenge + mora chests/补154.json: 'utf-8' codec can't decode byte 0xb2 in position 29: invalid start byte
2025-08-16 14:11:52,366 - root - ERROR - Error translating Nation type series/Fortaine/4.0 3 area Series/Chests + Seelie + Challenge + mora chests/补155.json: 'utf-8' codec can't decode byte 0xb2 in position 29: invalid start byte
2025-08-16 14:11:52,366 - root - ERROR - Error translating Nation type series/Fortaine/4.0 3 area Series/Chests + Seelie + Challenge + mora chests/补156.json: 'utf-8' codec can't decode byte 0xb2 in position 29: invalid start byte
2025-08-16 14:11:52,366 - root - ERROR - Error translating Nation type series/Fortaine/4.0 3 area Series/Chests + Seelie + Challenge + mora chests/补206.json: 'utf-8' codec can't decode byte 0xb2 in position 29: invalid start byte
2025-08-16 14:11:52,366 - root - ERROR - Error translating Nation type series/Fortaine/4.0 3 area Series/Chests + Seelie + Challenge + mora chests/补207.json: 'utf-8' codec can't decode byte 0xb2 in position 29: invalid start byte
2025-08-16 14:11:52,367 - root - ERROR - Error translating Nation type series/Fortaine/4.0 3 area Series/Chests + Seelie + Challenge + mora chests/补208.json: 'utf-8' codec can't decode byte 0xb2 in position 29: invalid start byte
2025-08-16 14:11:52,367 - root - ERROR - Error translating Nation type series/Fortaine/4.0 3 area Series/Chests + Seelie + Challenge + mora chests/补209.json: 'utf-8' codec can't decode byte 0xb2 in position 29: invalid start byte
2025-08-16 14:11:52,367 - root - ERROR - Error translating Nation type series/Fortaine/4.0 3 area Series/Chests + Seelie + Challenge + mora chests/补210.json: 'utf-8' codec can't decode byte 0xb2 in position 29: invalid start byte
2025-08-16 14:11:52,367 - root - ERROR - Error translating Nation type series/Fortaine/4.0 3 area Series/Chests + Seelie + Challenge + mora chests/补211.json: 'utf-8' codec can't decode byte 0xb2 in position 29: invalid start byte
2025-08-16 14:11:52,394 - root - ERROR - Error translating Nation type series/Fortaine/4.0 3 area Series/Last Tp/add 207.json: 'utf-8' codec can't decode byte 0xb2 in position 29: invalid start byte
2025-08-16 14:11:52,394 - root - ERROR - Error translating Nation type series/Fortaine/4.0 3 area Series/Last Tp/add 208.json: 'utf-8' codec can't decode byte 0xb2 in position 29: invalid start byte
2025-08-16 14:11:52,394 - root - ERROR - Error translating Nation type series/Fortaine/4.0 3 area Series/Last Tp/add 209.json: 'utf-8' codec can't decode byte 0xb2 in position 29: invalid start byte
2025-08-16 14:11:52,395 - root - ERROR - Error translating Nation type series/Fortaine/4.0 3 area Series/Last Tp/add 210.json: 'utf-8' codec can't decode byte 0xb2 in position 29: invalid start byte
2025-08-16 14:11:52,395 - root - ERROR - Error translating Nation type series/Fortaine/4.0 3 area Series/Last Tp/add 211.json: 'utf-8' codec can't decode byte 0xb2 in position 29: invalid start byte
2025-08-16 14:11:52,410 - root - ERROR - Error translating Nation type series/Fortaine/4.0 version-CN/Belleau Region/Collection/补034.json: 'utf-8' codec can't decode byte 0xb2 in position 29: invalid start byte
2025-08-16 14:11:52,410 - root - ERROR - Error translating Nation type series/Fortaine/4.0 version-CN/Belleau Region/Collection/补035.json: 'utf-8' codec can't decode byte 0xb2 in position 29: invalid start byte
2025-08-16 14:11:52,410 - root - ERROR - Error translating Nation type series/Fortaine/4.0 version-CN/Belleau Region/Collection/补036.json: 'utf-8' codec can't decode byte 0xb2 in position 29: invalid start byte
2025-08-16 14:11:52,410 - root - ERROR - Error translating Nation type series/Fortaine/4.0 version-CN/Belleau Region/Collection/补037.json: 'utf-8' codec can't decode byte 0xb2 in position 29: invalid start byte
2025-08-16 14:11:52,410 - root - ERROR - Error translating Nation type series/Fortaine/4.0 version-CN/Belleau Region/Collection/补038.json: 'utf-8' codec can't decode byte 0xb2 in position 29: invalid start byte
2025-08-16 14:11:52,413 - root - ERROR - Error translating Nation type series/Fortaine/4.0 version-CN/Belleau Region/Mora Chests/补034.json: 'utf-8' codec can't decode byte 0xb2 in position 29: invalid start byte
2025-08-16 14:11:52,414 - root - ERROR - Error translating Nation type series/Fortaine/4.0 version-CN/Belleau Region/Mora Chests/补035.json: 'utf-8' codec can't decode byte 0xb2 in position 29: invalid start byte
2025-08-16 14:11:52,414 - root - ERROR - Error translating Nation type series/Fortaine/4.0 version-CN/Belleau Region/Mora Chests/补036.json: 'utf-8' codec can't decode byte 0xb2 in position 29: invalid start byte
2025-08-16 14:11:52,414 - root - ERROR - Error translating Nation type series/Fortaine/4.0 version-CN/Belleau Region/Mora Chests/补037.json: 'utf-8' codec can't decode byte 0xb2 in position 29: invalid start byte
2025-08-16 14:11:52,414 - root - ERROR - Error translating Nation type series/Fortaine/4.0 version-CN/Belleau Region/Mora Chests/补038.json: 'utf-8' codec can't decode byte 0xb2 in position 29: invalid start byte
2025-08-16 14:11:52,437 - root - ERROR - Error translating Nation type series/Fortaine/4.0 version-CN/Beryl Region/Collection/补101.json: 'utf-8' codec can't decode byte 0xb2 in position 29: invalid start byte
2025-08-16 14:11:52,437 - root - ERROR - Error translating Nation type series/Fortaine/4.0 version-CN/Beryl Region/Collection/补102.json: 'utf-8' codec can't decode byte 0xb2 in position 29: invalid start byte
2025-08-16 14:11:52,437 - root - ERROR - Error translating Nation type series/Fortaine/4.0 version-CN/Beryl Region/Collection/补149.json: 'utf-8' codec can't decode byte 0xb2 in position 29: invalid start byte
2025-08-16 14:11:52,437 - root - ERROR - Error translating Nation type series/Fortaine/4.0 version-CN/Beryl Region/Collection/补150.json: 'utf-8' codec can't decode byte 0xb2 in position 29: invalid start byte
2025-08-16 14:11:52,437 - root - ERROR - Error translating Nation type series/Fortaine/4.0 version-CN/Beryl Region/Collection/补151.json: 'utf-8' codec can't decode byte 0xb2 in position 29: invalid start byte
2025-08-16 14:11:52,438 - root - ERROR - Error translating Nation type series/Fortaine/4.0 version-CN/Beryl Region/Collection/补152.json: 'utf-8' codec can't decode byte 0xb2 in position 29: invalid start byte
2025-08-16 14:11:52,438 - root - ERROR - Error translating Nation type series/Fortaine/4.0 version-CN/Beryl Region/Collection/补153.json: 'utf-8' codec can't decode byte 0xb2 in position 29: invalid start byte
2025-08-16 14:11:52,438 - root - ERROR - Error translating Nation type series/Fortaine/4.0 version-CN/Beryl Region/Collection/补154.json: 'utf-8' codec can't decode byte 0xb2 in position 29: invalid start byte
2025-08-16 14:11:52,438 - root - ERROR - Error translating Nation type series/Fortaine/4.0 version-CN/Beryl Region/Collection/补155.json: 'utf-8' codec can't decode byte 0xb2 in position 29: invalid start byte
2025-08-16 14:11:52,438 - root - ERROR - Error translating Nation type series/Fortaine/4.0 version-CN/Beryl Region/Collection/补156.json: 'utf-8' codec can't decode byte 0xb2 in position 29: invalid start byte
2025-08-16 14:11:52,446 - root - ERROR - Error translating Nation type series/Fortaine/4.0 version-CN/Beryl Region/Mora Chests/补148.json: 'utf-8' codec can't decode byte 0xb2 in position 29: invalid start byte
2025-08-16 14:11:52,446 - root - ERROR - Error translating Nation type series/Fortaine/4.0 version-CN/Beryl Region/Mora Chests/补149.json: 'utf-8' codec can't decode byte 0xb2 in position 29: invalid start byte
2025-08-16 14:11:52,446 - root - ERROR - Error translating Nation type series/Fortaine/4.0 version-CN/Beryl Region/Mora Chests/补150.json: 'utf-8' codec can't decode byte 0xb2 in position 29: invalid start byte
2025-08-16 14:11:52,446 - root - ERROR - Error translating Nation type series/Fortaine/4.0 version-CN/Beryl Region/Mora Chests/补151.json: 'utf-8' codec can't decode byte 0xb2 in position 29: invalid start byte
2025-08-16 14:11:52,446 - root - ERROR - Error translating Nation type series/Fortaine/4.0 version-CN/Beryl Region/Mora Chests/补152.json: 'utf-8' codec can't decode byte 0xb2 in position 29: invalid start byte
2025-08-16 14:11:52,446 - root - ERROR - Error translating Nation type series/Fortaine/4.0 version-CN/Beryl Region/Mora Chests/补153.json: 'utf-8' codec can't decode byte 0xb2 in position 29: invalid start byte
2025-08-16 14:11:52,446 - root - ERROR - Error translating Nation type series/Fortaine/4.0 version-CN/Beryl Region/Mora Chests/补154.json: 'utf-8' codec can't decode byte 0xb2 in position 29: invalid start byte
2025-08-16 14:11:52,446 - root - ERROR - Error translating Nation type series/Fortaine/4.0 version-CN/Beryl Region/Mora Chests/补155.json: 'utf-8' codec can't decode byte 0xb2 in position 29: invalid start byte
2025-08-16 14:11:52,446 - root - ERROR - Error translating Nation type series/Fortaine/4.0 version-CN/Beryl Region/Mora Chests/补156.json: 'utf-8' codec can't decode byte 0xb2 in position 29: invalid start byte
2025-08-16 14:11:52,452 - root - ERROR - Error translating Nation type series/Fortaine/4.0 version-CN/Beryl Region/Puzzle/补101.json: 'utf-8' codec can't decode byte 0xb2 in position 29: invalid start byte
2025-08-16 14:11:52,452 - root - ERROR - Error translating Nation type series/Fortaine/4.0 version-CN/Beryl Region/Puzzle/补102.json: 'utf-8' codec can't decode byte 0xb2 in position 29: invalid start byte
2025-08-16 14:11:52,495 - root - ERROR - Error translating Nation type series/Fortaine/4.0 version-CN/Court of Fontaine Court Region Waterway Hub/Combine/补206.json: 'utf-8' codec can't decode byte 0xb2 in position 29: invalid start byte
2025-08-16 14:11:52,495 - root - ERROR - Error translating Nation type series/Fortaine/4.0 version-CN/Court of Fontaine Court Region Waterway Hub/Combine/补207.json: 'utf-8' codec can't decode byte 0xb2 in position 29: invalid start byte
2025-08-16 14:11:52,495 - root - ERROR - Error translating Nation type series/Fortaine/4.0 version-CN/Court of Fontaine Court Region Waterway Hub/Combine/补208.json: 'utf-8' codec can't decode byte 0xb2 in position 29: invalid start byte
2025-08-16 14:11:52,495 - root - ERROR - Error translating Nation type series/Fortaine/4.0 version-CN/Court of Fontaine Court Region Waterway Hub/Combine/补209.json: 'utf-8' codec can't decode byte 0xb2 in position 29: invalid start byte
2025-08-16 14:11:52,495 - root - ERROR - Error translating Nation type series/Fortaine/4.0 version-CN/Court of Fontaine Court Region Waterway Hub/Combine/补210.json: 'utf-8' codec can't decode byte 0xb2 in position 29: invalid start byte
2025-08-16 14:11:52,495 - root - ERROR - Error translating Nation type series/Fortaine/4.0 version-CN/Court of Fontaine Court Region Waterway Hub/Combine/补211.json: 'utf-8' codec can't decode byte 0xb2 in position 29: invalid start byte
2025-08-16 14:11:52,496 - root - ERROR - Error translating Nation type series/Fortaine/4.0 version-CN/Court of Fontaine Court Region Waterway Hub/Last to tp/add 207.json: 'utf-8' codec can't decode byte 0xb2 in position 29: invalid start byte
2025-08-16 14:11:52,496 - root - ERROR - Error translating Nation type series/Fortaine/4.0 version-CN/Court of Fontaine Court Region Waterway Hub/Last to tp/add 208.json: 'utf-8' codec can't decode byte 0xb2 in position 29: invalid start byte
2025-08-16 14:11:52,496 - root - ERROR - Error translating Nation type series/Fortaine/4.0 version-CN/Court of Fontaine Court Region Waterway Hub/Last to tp/add 209.json: 'utf-8' codec can't decode byte 0xb2 in position 29: invalid start byte
2025-08-16 14:11:52,496 - root - ERROR - Error translating Nation type series/Fortaine/4.0 version-CN/Court of Fontaine Court Region Waterway Hub/Last to tp/add 210.json: 'utf-8' codec can't decode byte 0xb2 in position 29: invalid start byte
2025-08-16 14:11:52,496 - root - ERROR - Error translating Nation type series/Fortaine/4.0 version-CN/Court of Fontaine Court Region Waterway Hub/Last to tp/add 211.json: 'utf-8' codec can't decode byte 0xb2 in position 29: invalid start byte
2025-08-16 14:11:52,513 - root - INFO - 📊 Progress: 53000/115085 (46.1%) - Changed: 1448 - Time: 8.1s
2025-08-16 14:11:52,514 - root - ERROR - Error translating Nation type series/Fortaine/4.0 version-CN/Court of Fontaine Court Region Waterway Hub/Open chests/补206.json: 'utf-8' codec can't decode byte 0xb2 in position 29: invalid start byte
2025-08-16 14:11:52,667 - root - INFO - 📊 Progress: 54000/115085 (46.9%) - Changed: 1448 - Time: 8.2s
2025-08-16 14:11:52,811 - root - INFO - 📊 Progress: 55000/115085 (47.8%) - Changed: 1449 - Time: 8.3s
2025-08-16 14:11:52,953 - root - INFO - 📊 Progress: 56000/115085 (48.7%) - Changed: 1451 - Time: 8.5s
2025-08-16 14:11:53,096 - root - INFO - 📊 Progress: 57000/115085 (49.5%) - Changed: 1451 - Time: 8.6s
2025-08-16 14:11:53,235 - root - INFO - 📊 Progress: 58000/115085 (50.4%) - Changed: 1451 - Time: 8.8s
2025-08-16 14:11:53,376 - root - INFO - 📊 Progress: 59000/115085 (51.3%) - Changed: 1451 - Time: 8.9s
2025-08-16 14:11:53,515 - root - INFO - 📊 Progress: 60000/115085 (52.1%) - Changed: 1451 - Time: 9.1s
2025-08-16 14:11:53,654 - root - INFO - 📊 Progress: 61000/115085 (53.0%) - Changed: 1451 - Time: 9.2s
2025-08-16 14:11:53,795 - root - INFO - 📊 Progress: 62000/115085 (53.9%) - Changed: 1451 - Time: 9.3s
2025-08-16 14:11:53,941 - root - INFO - 📊 Progress: 63000/115085 (54.7%) - Changed: 1451 - Time: 9.5s
2025-08-16 14:11:54,080 - root - INFO - 📊 Progress: 64000/115085 (55.6%) - Changed: 1451 - Time: 9.6s
2025-08-16 14:11:54,223 - root - INFO - 📊 Progress: 65000/115085 (56.5%) - Changed: 1451 - Time: 9.8s
2025-08-16 14:11:54,365 - root - INFO - 📊 Progress: 66000/115085 (57.3%) - Changed: 1451 - Time: 9.9s
2025-08-16 14:11:54,400 - root - ERROR - Invalid JSON in chests/4.4 Chenyu Vale - full series/A - Teatree Slope(2)11-25/Y2.json: Unexpected UTF-8 BOM (decode using utf-8-sig): line 1 column 1 (char 0)
2025-08-16 14:11:54,404 - root - ERROR - Invalid JSON in chests/4.4 Chenyu Vale - full series/A- Teatree Slope (3)/32.json: Unexpected UTF-8 BOM (decode using utf-8-sig): line 1 column 1 (char 0)
2025-08-16 14:11:54,418 - root - ERROR - Invalid JSON in chests/4.4 Chenyu Vale - full series/B- Yaodie Valley(1)/62.json: Unexpected UTF-8 BOM (decode using utf-8-sig): line 1 column 1 (char 0)
2025-08-16 14:11:54,420 - root - ERROR - Invalid JSON in chests/4.4 Chenyu Vale - full series/B- Yaodie Valley(2)63-78/65.json: Unexpected UTF-8 BOM (decode using utf-8-sig): line 1 column 1 (char 0)
2025-08-16 14:11:54,420 - root - ERROR - Invalid JSON in chests/4.4 Chenyu Vale - full series/B- Yaodie Valley(2)63-78/67.json: Unexpected UTF-8 BOM (decode using utf-8-sig): line 1 column 1 (char 0)
2025-08-16 14:11:54,422 - root - ERROR - Invalid JSON in chests/4.4 Chenyu Vale - full series/B- Yaodie Valley(2)63-78/72(1).json: Unexpected UTF-8 BOM (decode using utf-8-sig): line 1 column 1 (char 0)
2025-08-16 14:11:54,422 - root - ERROR - Error translating chests/4.4 Chenyu Vale - full series/B- Yaodie Valley(2)63-78/72(2).json: 'utf-8' codec can't decode byte 0xd5 in position 44: invalid continuation byte
2025-08-16 14:11:54,425 - root - ERROR - Error translating text file chests/4.4 Chenyu Vale - full series/B- Yaodie Valley(2)63-78/读我.txt: 'utf-8' codec can't decode byte 0xcf in position 45: invalid continuation byte
2025-08-16 14:11:54,433 - root - ERROR - Invalid JSON in chests/4.4 Chenyu Vale - full series/C- Qiaoying Village(2)89-98 Achievement 97/94(1).json: Unexpected UTF-8 BOM (decode using utf-8-sig): line 1 column 1 (char 0)
2025-08-16 14:11:54,434 - root - ERROR - Invalid JSON in chests/4.4 Chenyu Vale - full series/C- Qiaoying Village(2)89-98 Achievement 97/95.json: Unexpected UTF-8 BOM (decode using utf-8-sig): line 1 column 1 (char 0)
2025-08-16 14:11:54,437 - root - ERROR - Invalid JSON in chests/4.4 Chenyu Vale - full series/C- Qiaoying Village(3)99-115/101(2).json: Unexpected UTF-8 BOM (decode using utf-8-sig): line 1 column 1 (char 0)
2025-08-16 14:11:54,469 - root - ERROR - Invalid JSON in chests/4.4 Chenyu Vale - full series/F- Yilong Wharf(1)151-162/161(2).json: Unexpected UTF-8 BOM (decode using utf-8-sig): line 1 column 1 (char 0)
2025-08-16 14:11:54,478 - root - ERROR - Invalid JSON in chests/4.4 Chenyu Vale - full series/G- Mt. Mingyuan(1)177-195/179(1).json: Unexpected UTF-8 BOM (decode using utf-8-sig): line 1 column 1 (char 0)
2025-08-16 14:11:54,485 - root - ERROR - Invalid JSON in chests/4.4 Chenyu Vale - full series/G- Mt. Mingyuan(1)177-195/193-195.json: Unexpected UTF-8 BOM (decode using utf-8-sig): line 1 column 1 (char 0)
2025-08-16 14:11:54,491 - root - ERROR - Invalid JSON in chests/4.4 Chenyu Vale - full series/G- Mt. Mingyuan(2)196-212/208(1).json: Unexpected UTF-8 BOM (decode using utf-8-sig): line 1 column 1 (char 0)
2025-08-16 14:11:54,497 - root - ERROR - Invalid JSON in chests/4.4 Chenyu Vale - full series/H- Chiwang Terrace 213-233/221.json: Unexpected UTF-8 BOM (decode using utf-8-sig): line 1 column 1 (char 0)
2025-08-16 14:11:54,526 - root - ERROR - Invalid JSON in chests/4.4 Chenyu Vale - full series/J- Chizhang Wall(2)276-284/284.json: Unexpected UTF-8 BOM (decode using utf-8-sig): line 1 column 1 (char 0)
2025-08-16 14:11:54,542 - root - ERROR - Invalid JSON in chests/4.4 Chenyu Vale - full series/J- Chizhang Wall(4)296-316/314.json: Unexpected UTF-8 BOM (decode using utf-8-sig): line 1 column 1 (char 0)
2025-08-16 14:11:54,543 - root - ERROR - Invalid JSON in chests/4.4 Chenyu Vale - full series/J- Chizhang Wall(5)317-336/317.json: Unexpected UTF-8 BOM (decode using utf-8-sig): line 1 column 1 (char 0)
2025-08-16 14:11:54,552 - root - ERROR - Invalid JSON in chests/4.4 Chenyu Vale - full series/J- Chizhang Wall(5)317-336/335.json: Unexpected UTF-8 BOM (decode using utf-8-sig): line 1 column 1 (char 0)
2025-08-16 14:11:54,672 - root - INFO - 📊 Progress: 67000/115085 (58.2%) - Changed: 1954 - Time: 10.2s
2025-08-16 14:11:54,780 - root - ERROR - Error translating chests/Enkanomiya/DayTime Exposed+Minor decryption/缘起13.json: 'utf-8' codec can't decode byte 0xc6 in position 31: invalid continuation byte
2025-08-16 14:11:54,780 - root - ERROR - Error translating chests/Enkanomiya/DayTime Exposed+Minor decryption/缘起15.json: 'utf-8' codec can't decode byte 0xc6 in position 31: invalid continuation byte
2025-08-16 14:11:54,780 - root - ERROR - Error translating chests/Enkanomiya/DayTime Exposed+Minor decryption/缘起16.json: 'utf-8' codec can't decode byte 0xc6 in position 31: invalid continuation byte
2025-08-16 14:11:54,780 - root - ERROR - Error translating chests/Enkanomiya/DayTime Exposed+Minor decryption/缘起17.json: 'utf-8' codec can't decode byte 0xc6 in position 31: invalid continuation byte
2025-08-16 14:11:54,780 - root - ERROR - Error translating chests/Enkanomiya/DayTime Exposed+Minor decryption/缘起18.json: 'utf-8' codec can't decode byte 0xc6 in position 31: invalid continuation byte
2025-08-16 14:11:54,780 - root - ERROR - Error translating chests/Enkanomiya/DayTime Exposed+Minor decryption/缘起19.json: 'utf-8' codec can't decode byte 0xc6 in position 31: invalid continuation byte
2025-08-16 14:11:54,780 - root - ERROR - Error translating chests/Enkanomiya/DayTime Exposed+Minor decryption/缘起20.json: 'utf-8' codec can't decode byte 0xc6 in position 31: invalid continuation byte
2025-08-16 14:11:54,780 - root - ERROR - Error translating chests/Enkanomiya/DayTime Exposed+Minor decryption/缘起21.json: 'utf-8' codec can't decode byte 0xc6 in position 31: invalid continuation byte
2025-08-16 14:11:54,781 - root - ERROR - Error translating chests/Enkanomiya/DayTime Exposed+Minor decryption/缘起22.json: 'utf-8' codec can't decode byte 0xc6 in position 31: invalid continuation byte
2025-08-16 14:11:54,781 - root - ERROR - Error translating chests/Enkanomiya/DayTime Exposed+Minor decryption/缘起23.json: 'utf-8' codec can't decode byte 0xc6 in position 31: invalid continuation byte
2025-08-16 14:11:54,781 - root - ERROR - Error translating chests/Enkanomiya/DayTime Exposed+Minor decryption/缘起24.json: 'utf-8' codec can't decode byte 0xc6 in position 31: invalid continuation byte
2025-08-16 14:11:54,781 - root - ERROR - Error translating chests/Enkanomiya/DayTime Exposed+Minor decryption/缘起25.json: 'utf-8' codec can't decode byte 0xc6 in position 31: invalid continuation byte
2025-08-16 14:11:54,781 - root - ERROR - Error translating chests/Enkanomiya/DayTime Exposed+Minor decryption/缘起26.json: 'utf-8' codec can't decode byte 0xc6 in position 31: invalid continuation byte
2025-08-16 14:11:54,781 - root - ERROR - Error translating chests/Enkanomiya/DayTime Exposed+Minor decryption/缘起27.json: 'utf-8' codec can't decode byte 0xc6 in position 31: invalid continuation byte
2025-08-16 14:11:54,781 - root - ERROR - Error translating chests/Enkanomiya/DayTime Exposed+Minor decryption/缘起28.json: 'utf-8' codec can't decode byte 0xc6 in position 31: invalid continuation byte
2025-08-16 14:11:54,781 - root - ERROR - Error translating chests/Enkanomiya/DayTime Exposed+Minor decryption/缘起29.json: 'utf-8' codec can't decode byte 0xc6 in position 31: invalid continuation byte
2025-08-16 14:11:54,781 - root - ERROR - Error translating chests/Enkanomiya/DayTime Exposed+Minor decryption/缘起30.json: 'utf-8' codec can't decode byte 0xc6 in position 31: invalid continuation byte
2025-08-16 14:11:54,781 - root - ERROR - Error translating chests/Enkanomiya/DayTime Exposed+Minor decryption/缘起31.json: 'utf-8' codec can't decode byte 0xc6 in position 31: invalid continuation byte
2025-08-16 14:11:54,782 - root - ERROR - Error translating chests/Enkanomiya/DayTime Exposed+Minor decryption/缘起32.json: 'utf-8' codec can't decode byte 0xc6 in position 31: invalid continuation byte
2025-08-16 14:11:54,782 - root - ERROR - Error translating chests/Enkanomiya/DayTime Exposed+Minor decryption/缘起33.json: 'utf-8' codec can't decode byte 0xc6 in position 31: invalid continuation byte
2025-08-16 14:11:54,782 - root - ERROR - Error translating chests/Enkanomiya/DayTime Exposed+Minor decryption/缘起34.json: 'utf-8' codec can't decode byte 0xc6 in position 31: invalid continuation byte
2025-08-16 14:11:54,782 - root - ERROR - Error translating chests/Enkanomiya/DayTime Exposed+Minor decryption/缘起35.json: 'utf-8' codec can't decode byte 0xc6 in position 31: invalid continuation byte
2025-08-16 14:11:54,782 - root - ERROR - Error translating chests/Enkanomiya/DayTime Exposed+Minor decryption/缘起36.json: 'utf-8' codec can't decode byte 0xc6 in position 31: invalid continuation byte
2025-08-16 14:11:54,782 - root - ERROR - Error translating chests/Enkanomiya/DayTime Exposed+Minor decryption/缘起37.json: 'utf-8' codec can't decode byte 0xc6 in position 31: invalid continuation byte
2025-08-16 14:11:54,782 - root - ERROR - Error translating chests/Enkanomiya/DayTime Exposed+Minor decryption/缘起38.json: 'utf-8' codec can't decode byte 0xc6 in position 31: invalid continuation byte
2025-08-16 14:11:54,782 - root - ERROR - Error translating chests/Enkanomiya/DayTime Exposed+Minor decryption/缘起40.json: 'utf-8' codec can't decode byte 0xc6 in position 31: invalid continuation byte
2025-08-16 14:11:54,782 - root - ERROR - Error translating chests/Enkanomiya/DayTime Exposed+Minor decryption/缘起41.json: 'utf-8' codec can't decode byte 0xc6 in position 31: invalid continuation byte
2025-08-16 14:11:54,782 - root - ERROR - Error translating chests/Enkanomiya/DayTime Exposed+Minor decryption/缘起42.json: 'utf-8' codec can't decode byte 0xc6 in position 31: invalid continuation byte
2025-08-16 14:11:54,782 - root - ERROR - Error translating chests/Enkanomiya/DayTime Exposed+Minor decryption/缘起43.json: 'utf-8' codec can't decode byte 0xc6 in position 31: invalid continuation byte
2025-08-16 14:11:54,783 - root - ERROR - Error translating chests/Enkanomiya/DayTime Exposed+Minor decryption/缘起45.json: 'utf-8' codec can't decode byte 0xc6 in position 31: invalid continuation byte
2025-08-16 14:11:54,783 - root - ERROR - Error translating chests/Enkanomiya/DayTime Exposed+Minor decryption/缘起46.json: 'utf-8' codec can't decode byte 0xc6 in position 31: invalid continuation byte
2025-08-16 14:11:54,783 - root - ERROR - Error translating chests/Enkanomiya/DayTime Exposed+Minor decryption/缘起50.json: 'utf-8' codec can't decode byte 0xc6 in position 31: invalid continuation byte
2025-08-16 14:11:54,783 - root - ERROR - Error translating chests/Enkanomiya/DayTime Exposed+Minor decryption/缘起51.json: 'utf-8' codec can't decode byte 0xc6 in position 31: invalid continuation byte
2025-08-16 14:11:54,783 - root - ERROR - Error translating chests/Enkanomiya/DayTime Exposed+Minor decryption/缘起52.json: 'utf-8' codec can't decode byte 0xc6 in position 31: invalid continuation byte
2025-08-16 14:11:54,783 - root - ERROR - Error translating chests/Enkanomiya/DayTime Exposed+Minor decryption/缘起53.json: 'utf-8' codec can't decode byte 0xc6 in position 31: invalid continuation byte
2025-08-16 14:11:54,783 - root - ERROR - Error translating chests/Enkanomiya/DayTime Exposed+Minor decryption/缘起54.json: 'utf-8' codec can't decode byte 0xc6 in position 31: invalid continuation byte
2025-08-16 14:11:54,783 - root - ERROR - Error translating chests/Enkanomiya/DayTime Exposed+Minor decryption/缘起55.json: 'utf-8' codec can't decode byte 0xc6 in position 31: invalid continuation byte
2025-08-16 14:11:54,783 - root - ERROR - Error translating chests/Enkanomiya/DayTime Exposed+Minor decryption/缘起56.json: 'utf-8' codec can't decode byte 0xc6 in position 31: invalid continuation byte
2025-08-16 14:11:54,783 - root - ERROR - Error translating chests/Enkanomiya/DayTime Exposed+Minor decryption/缘起57.json: 'utf-8' codec can't decode byte 0xc6 in position 31: invalid continuation byte
2025-08-16 14:11:54,783 - root - ERROR - Error translating chests/Enkanomiya/DayTime Exposed+Minor decryption/缘起58.json: 'utf-8' codec can't decode byte 0xc6 in position 31: invalid continuation byte
2025-08-16 14:11:54,784 - root - ERROR - Error translating chests/Enkanomiya/DayTime Exposed+Minor decryption/缘起59.json: 'utf-8' codec can't decode byte 0xc6 in position 31: invalid continuation byte
2025-08-16 14:11:54,784 - root - ERROR - Error translating chests/Enkanomiya/DayTime Exposed+Minor decryption/缘起60.json: 'utf-8' codec can't decode byte 0xc6 in position 31: invalid continuation byte
2025-08-16 14:11:54,784 - root - ERROR - Error translating chests/Enkanomiya/DayTime Exposed+Minor decryption/缘起61.json: 'utf-8' codec can't decode byte 0xc6 in position 31: invalid continuation byte
2025-08-16 14:11:54,784 - root - ERROR - Error translating chests/Enkanomiya/DayTime Exposed+Minor decryption/缘起62.json: 'utf-8' codec can't decode byte 0xc6 in position 31: invalid continuation byte
2025-08-16 14:11:54,784 - root - ERROR - Error translating chests/Enkanomiya/DayTime Exposed+Minor decryption/缘起63.json: 'utf-8' codec can't decode byte 0xc6 in position 31: invalid continuation byte
2025-08-16 14:11:54,784 - root - ERROR - Error translating chests/Enkanomiya/DayTime Exposed+Minor decryption/缘起64.json: 'utf-8' codec can't decode byte 0xc6 in position 31: invalid continuation byte
2025-08-16 14:11:54,784 - root - ERROR - Error translating chests/Enkanomiya/DayTime Exposed+Minor decryption/缘起65.json: 'utf-8' codec can't decode byte 0xc6 in position 31: invalid continuation byte
2025-08-16 14:11:54,784 - root - ERROR - Error translating chests/Enkanomiya/DayTime Exposed+Minor decryption/缘起66.json: 'utf-8' codec can't decode byte 0xc6 in position 31: invalid continuation byte
2025-08-16 14:11:54,784 - root - ERROR - Error translating chests/Enkanomiya/DayTime Exposed+Minor decryption/缘起68.json: 'utf-8' codec can't decode byte 0xc6 in position 31: invalid continuation byte
2025-08-16 14:11:54,784 - root - ERROR - Error translating chests/Enkanomiya/DayTime Exposed+Minor decryption/缘起69.json: 'utf-8' codec can't decode byte 0xc6 in position 31: invalid continuation byte
2025-08-16 14:11:54,809 - root - INFO - 📊 Progress: 68000/115085 (59.1%) - Changed: 1954 - Time: 10.3s
2025-08-16 14:11:54,950 - root - INFO - 📊 Progress: 69000/115085 (60.0%) - Changed: 1955 - Time: 10.5s
2025-08-16 14:11:55,093 - root - INFO - 📊 Progress: 70000/115085 (60.8%) - Changed: 1956 - Time: 10.6s
2025-08-16 14:11:55,233 - root - INFO - 📊 Progress: 71000/115085 (61.7%) - Changed: 1956 - Time: 10.8s
2025-08-16 14:11:55,375 - root - INFO - 📊 Progress: 72000/115085 (62.6%) - Changed: 1956 - Time: 10.9s
2025-08-16 14:11:55,517 - root - INFO - 📊 Progress: 73000/115085 (63.4%) - Changed: 1956 - Time: 11.1s
2025-08-16 14:11:55,657 - root - INFO - 📊 Progress: 74000/115085 (64.3%) - Changed: 1956 - Time: 11.2s
2025-08-16 14:11:55,794 - root - INFO - 📊 Progress: 75000/115085 (65.2%) - Changed: 1956 - Time: 11.3s
2025-08-16 14:11:55,934 - root - INFO - 📊 Progress: 76000/115085 (66.0%) - Changed: 1956 - Time: 11.5s
2025-08-16 14:11:56,075 - root - INFO - 📊 Progress: 77000/115085 (66.9%) - Changed: 1957 - Time: 11.6s
2025-08-16 14:11:56,215 - root - INFO - 📊 Progress: 78000/115085 (67.8%) - Changed: 1957 - Time: 11.8s
2025-08-16 14:11:56,354 - root - INFO - 📊 Progress: 79000/115085 (68.6%) - Changed: 1957 - Time: 11.9s
2025-08-16 14:11:56,494 - root - INFO - 📊 Progress: 80000/115085 (69.5%) - Changed: 1957 - Time: 12.0s
2025-08-16 14:11:56,634 - root - INFO - 📊 Progress: 81000/115085 (70.4%) - Changed: 1957 - Time: 12.2s
2025-08-16 14:11:56,776 - root - INFO - 📊 Progress: 82000/115085 (71.3%) - Changed: 1957 - Time: 12.3s
2025-08-16 14:11:56,925 - root - INFO - 📊 Progress: 83000/115085 (72.1%) - Changed: 1957 - Time: 12.5s
2025-08-16 14:11:57,065 - root - INFO - 📊 Progress: 84000/115085 (73.0%) - Changed: 1957 - Time: 12.6s
2025-08-16 14:11:57,205 - root - INFO - 📊 Progress: 85000/115085 (73.9%) - Changed: 1957 - Time: 12.7s
2025-08-16 14:11:57,351 - root - INFO - 📊 Progress: 86000/115085 (74.7%) - Changed: 1967 - Time: 12.9s
2025-08-16 14:11:57,491 - root - INFO - 📊 Progress: 87000/115085 (75.6%) - Changed: 1967 - Time: 13.0s
2025-08-16 14:11:57,629 - root - INFO - 📊 Progress: 88000/115085 (76.5%) - Changed: 1967 - Time: 13.2s
2025-08-16 14:11:57,766 - root - INFO - 📊 Progress: 89000/115085 (77.3%) - Changed: 1967 - Time: 13.3s
2025-08-16 14:11:57,902 - root - INFO - 📊 Progress: 90000/115085 (78.2%) - Changed: 1967 - Time: 13.4s
2025-08-16 14:11:58,044 - root - INFO - 📊 Progress: 91000/115085 (79.1%) - Changed: 1967 - Time: 13.6s
2025-08-16 14:11:58,182 - root - INFO - 📊 Progress: 92000/115085 (79.9%) - Changed: 1967 - Time: 13.7s
2025-08-16 14:11:58,323 - root - INFO - 📊 Progress: 93000/115085 (80.8%) - Changed: 1967 - Time: 13.9s
2025-08-16 14:11:58,464 - root - INFO - 📊 Progress: 94000/115085 (81.7%) - Changed: 1967 - Time: 14.0s
2025-08-16 14:11:58,606 - root - INFO - 📊 Progress: 95000/115085 (82.5%) - Changed: 1967 - Time: 14.1s
2025-08-16 14:11:58,746 - root - INFO - 📊 Progress: 96000/115085 (83.4%) - Changed: 1967 - Time: 14.3s
2025-08-16 14:11:58,886 - root - INFO - 📊 Progress: 97000/115085 (84.3%) - Changed: 1967 - Time: 14.4s
2025-08-16 14:11:59,025 - root - INFO - 📊 Progress: 98000/115085 (85.2%) - Changed: 1967 - Time: 14.6s
2025-08-16 14:11:59,166 - root - INFO - 📊 Progress: 99000/115085 (86.0%) - Changed: 1967 - Time: 14.7s
2025-08-16 14:11:59,315 - root - INFO - 📊 Progress: 100000/115085 (86.9%) - Changed: 1967 - Time: 14.9s
2025-08-16 14:11:59,481 - root - INFO - 📊 Progress: 101000/115085 (87.8%) - Changed: 1967 - Time: 15.0s
2025-08-16 14:11:59,623 - root - INFO - 📊 Progress: 102000/115085 (88.6%) - Changed: 1967 - Time: 15.2s
2025-08-16 14:11:59,765 - root - INFO - 📊 Progress: 103000/115085 (89.5%) - Changed: 1967 - Time: 15.3s
2025-08-16 14:11:59,906 - root - INFO - 📊 Progress: 104000/115085 (90.4%) - Changed: 1967 - Time: 15.4s
2025-08-16 14:12:00,048 - root - INFO - 📊 Progress: 105000/115085 (91.2%) - Changed: 1967 - Time: 15.6s
2025-08-16 14:12:00,193 - root - INFO - 📊 Progress: 106000/115085 (92.1%) - Changed: 1967 - Time: 15.7s
2025-08-16 14:12:00,342 - root - INFO - 📊 Progress: 107000/115085 (93.0%) - Changed: 1967 - Time: 15.9s
2025-08-16 14:12:00,480 - root - INFO - 📊 Progress: 108000/115085 (93.8%) - Changed: 1967 - Time: 16.0s
2025-08-16 14:12:00,619 - root - INFO - 📊 Progress: 109000/115085 (94.7%) - Changed: 1967 - Time: 16.2s
2025-08-16 14:12:00,761 - root - INFO - 📊 Progress: 110000/115085 (95.6%) - Changed: 1967 - Time: 16.3s
2025-08-16 14:12:00,902 - root - INFO - 📊 Progress: 111000/115085 (96.5%) - Changed: 1967 - Time: 16.4s
2025-08-16 14:12:01,049 - root - INFO - 📊 Progress: 112000/115085 (97.3%) - Changed: 1980 - Time: 16.6s
2025-08-16 14:12:01,190 - root - INFO - 📊 Progress: 113000/115085 (98.2%) - Changed: 1980 - Time: 16.7s
2025-08-16 14:12:01,334 - root - INFO - 📊 Progress: 114000/115085 (99.1%) - Changed: 1981 - Time: 16.9s
2025-08-16 14:12:01,476 - root - INFO - 📊 Progress: 115000/115085 (99.9%) - Changed: 1988 - Time: 17.0s
